product_barcode,product_label,product_size,brand_name,manufacturer_country,manufacturer_name,scan_country,data_url,bottle_weight,bottle_count
6203018220130,Extra Berry Flavor Carbonated Soft Drink,400 ml,Mo,TZ,METL Group,TZ,https://wastebase.org/#/o/ead953e7-a526-4ced-970d-f403daaf9c7a,,81
5449000098504,still drinking water,1.5 L,Dasani,US,Coca-Cola,TZ,https://wastebase.org/#/o/c3710738-2999-4396-a284-6b70bf737fe6,,23
5449000131836,Diet Coke,500 ml,Coca-Cola,US,Coca-Cola,KE,https://wastebase.org/#/o/c3710738-2999-4396-a284-6b70bf737fe6,,2
6164003477390,Energy Drink,300 ml,Lucozade,JP,Suntory Holdings Limited,TZ,https://wastebase.org/#/o/e072cc5d-03b1-4573-bde7-abe1bfbd668c,,1
6203011060368,Pure Drinking Water,600 ml,Uhai,TZ,BAKHRESA GROUP DIVISIONS,TZ,https://wastebase.org/#/o/0c76efb4-4008-4677-aba1-e10a6e3ef026,,60
4060800170248,Pepsi Max Cherry,600 ml,Pepsi,US,"Pepsico, Inc",GB,https://wastebase.org/#/o/fa6fbb15-8b61-4e1d-867f-db43d9d31fd3,,1
5449000180056,Sparletta,2.0 L,Sparletta,US,Coca-Cola,MZ,https://wastebase.org/#/o/c3710738-2999-4396-a284-6b70bf737fe6,49.000,14
5449000054227,Coca Cola,1.0 L,Coca-Cola,US,Coca-Cola,MZ,https://wastebase.org/#/o/c3710738-2999-4396-a284-6b70bf737fe6,37.500,835
6009661170323,Fiesta,2.0 L,Fiesta,MZ,Fiesta Moçambique Lda.,MZ,https://wastebase.org/#/o/3ff05ee7-f22a-410f-9f5c-3e6ce3c8a8c8,,125
6930773400292,Gelinho Banana,200 ml,Super,UK,UNKNOWN_ORG,MZ,https://wastebase.org/#/o/00000000-0000-0000-0000-000000000001,,1
6203011061365,Ukwaju,300 ml,Azam,TZ,BAKHRESA GROUP DIVISIONS,TZ,https://wastebase.org/#/o/0c76efb4-4008-4677-aba1-e10a6e3ef026,,31
6204000099017,Drinking water,1.5 L,SeQua,UK,UNKNOWN_ORG,TZ,https://wastebase.org/#/o/00000000-0000-0000-0000-000000000001,,8
6009645820145,Mineral Water,750ml,ManziValley,MZ,Manzi Valley Limited,ZM,https://wastebase.org/#/o/e2aa2582-e9dd-480b-9346-cad5507418fa,,2
5000112649871,Diet Coke,500ml,Coca-Cola,US,Coca-Cola,GB,https://wastebase.org/#/o/c3710738-2999-4396-a284-6b70bf737fe6,,1
54490000,Purified Water,1.0 L,Dasani,US,Coca-Cola,KE,https://wastebase.org/#/o/c3710738-2999-4396-a284-6b70bf737fe6,,1
8692857013306,Liquid Hand Wash,500 ml,Papilion,UK,UNKNOWN_ORG,MZ,https://wastebase.org/#/o/00000000-0000-0000-0000-000000000001,,2
6203022190009,nyanyua Ushindi,300ml,POWER TANGAWIZI,UK,UNKNOWN_ORG,TZ,https://wastebase.org/#/o/00000000-0000-0000-0000-000000000001,,4
6203012300210,Pure Drinking Water,600 ml,Maisha,TZ,METL Group,TZ,https://wastebase.org/#/o/ead953e7-a526-4ced-970d-f403daaf9c7a,,38
8906045353236,Body Lotion,300ml,Diana Lotion,UK,UNKNOWN_ORG,TZ,https://wastebase.org/#/o/00000000-0000-0000-0000-000000000001,,1
5012583203728,Shower + Oils Gel,250 ml,Right Guard,UK,UNKNOWN_ORG,GB,https://wastebase.org/#/o/00000000-0000-0000-0000-000000000001,,1
817939012413,non-toxic surface cleaner,828 ml,Method,US,Method Products pbc,GB,https://wastebase.org/#/o/cb2a0f45-314c-4fd0-9d92-3b774edf019e,,1
6001299026973,Full Cream Milk UHT,1.0 L,Clover,ZA,Clover Industries,MZ,https://wastebase.org/#/o/4660beec-fd67-4925-a487-9bd23ceedb48,,2
6009900076683,Limao Soft Drink,350ml,Frozy,MZ,Yaafico Industrial Lda,MZ,https://wastebase.org/#/o/4d807269-db16-4aaf-a454-934634c8c319,,13
80922377,Agua Vumba,1.5 L,Vumba,MZ,"Sociedade Águas Vumba, SA",MZ,https://wastebase.org/#/o/027e8655-81cd-44c9-b14e-b15181f61a8f,,224
5412533416886,Sensitive Washing Up Liquid,450 ml,Ecover,UK,UNKNOWN_ORG,GB,https://wastebase.org/#/o/00000000-0000-0000-0000-000000000001,,1
6003001015596,Mouthwash total Care,500ml,Listerine,US,Johnson & Johnson,TZ,https://wastebase.org/#/o/05cbb283-7645-40a7-8b14-f6bd1242526d,,1
5031021399281,Tesco Window and Glass Cleaner Spray,500 ml,Tesco,GB,Tesco PLC,GB,https://wastebase.org/#/o/9564612d-8467-47d1-b730-d07b25946cc6,,1
6001285007122,Orange Dairy Blend Concentrate,1.0 L,Ceres,ZA,Pioneer Foods (Pty),MZ,https://wastebase.org/#/o/7aeb1e28-56bf-4b5b-8252-d8e7b18e5921,,1
5050179761979,Tesco Organic Semi-Skimmed Milk,1.136 L,Tesco,GB,Tesco PLC,GB,https://wastebase.org/#/o/9564612d-8467-47d1-b730-d07b25946cc6,,1
6203003350132,Twist Spark,400 ml,Sayona,TZ,Motisun Group,TZ,https://wastebase.org/#/o/d085a391-c4b0-4605-843a-28788c216c4e,,4
6009822340978,Vengo Mineral Water,500 ml,Vengo,MZ,Água Vengo,MZ,https://wastebase.org/#/o/341b98a9-77c5-46f6-874d-6cc972ef077e,,33
0792382409518,Drinking Water,500 ml,Oceanic,UK,UNKNOWN_ORG,KE,https://wastebase.org/#/o/00000000-0000-0000-0000-000000000001,,1
5601312086819,Leite Corporal Peles Secas,400 ml,Continente,PT,"MODELO CONTINENTE HIPERMERCADOS, S.A.",MZ,https://wastebase.org/#/o/754c219b-ba38-453c-8616-08b9c55ab10e,,1
5010459005216,Still Spring Water,500 ml,Highland Spring,GB,HIGHLAND SPRING LIMITED,GB,https://wastebase.org/#/o/745bf45b-c66b-4c6b-8b6e-5725b33de313,,5
6001565009020,Pure Cooking Oil,750ml,d'lite,ZM,Trade Kings Group,ZM,https://wastebase.org/#/o/cb94d9c2-2f62-4ad8-ad86-a189701b370c,,1
5054073041434,Table Salt,750 g,best-one,UK,UNKNOWN_ORG,GB,https://wastebase.org/#/o/00000000-0000-0000-0000-000000000001,,1
5449000234612,Sprite,1.0 L,Sprite,US,Coca-Cola,MZ,https://wastebase.org/#/o/c3710738-2999-4396-a284-6b70bf737fe6,,209
5449000139030,Bitter Lemon,500ml,Krest,US,Coca-Cola,KE,https://wastebase.org/#/o/c3710738-2999-4396-a284-6b70bf737fe6,,3
6203003250173,Non Alcoholic Malt Drink,400 ml,Afya,TZ,Watercom (T) Ltd,TZ,https://wastebase.org/#/o/888420e1-1259-4c47-adfe-30740e9afa49,,7
6009644996186,Mojo Ginger,330ml,Bigtree,ZM,Trade Kings Group,ZM,https://wastebase.org/#/o/cb94d9c2-2f62-4ad8-ad86-a189701b370c,,7
6201100071684,Pepsi,600 ml,Pepsi,US,"Pepsico, Inc",TZ,https://wastebase.org/#/o/fa6fbb15-8b61-4e1d-867f-db43d9d31fd3,,27
40822938,Fanta Orange,500ml,Fanta,US,Coca-Cola,ZM,https://wastebase.org/#/o/c3710738-2999-4396-a284-6b70bf737fe6,,6
0606110701099,Água Purificada,500 ml,Recheio,MZ,COGEF Group,MZ,https://wastebase.org/#/o/179c246a-f0ee-4574-8b7c-e75ea7f6796a,,2
5412533418316,Zero Wool & Delicates Laundry Liquid,1.0 L,Ecover,UK,UNKNOWN_ORG,GB,https://wastebase.org/#/o/00000000-0000-0000-0000-000000000001,,1
0781718548236,Água da Bela Vista,500 ml,Água da Bela Vista,UK,UNKNOWN_ORG,MZ,https://wastebase.org/#/o/00000000-0000-0000-0000-000000000001,,1
5601024335670,Oleo Alimentar,1.0 L,Fula,PT,Sovena Group,MZ,https://wastebase.org/#/o/6e05264e-5883-4458-a054-570e906be105,,4
6203011060429,Energy Drink,250ml,Azam,TZ,BAKHRESA GROUP DIVISIONS,TZ,https://wastebase.org/#/o/0c76efb4-4008-4677-aba1-e10a6e3ef026,,3
5449000278333,Minute Maid Orange - Laranja,1.0 L,Minute Maid,US,Coca-Cola,MZ,https://wastebase.org/#/o/c3710738-2999-4396-a284-6b70bf737fe6,,1
6009708461131,Nutriday Yoghurt,450g,Danone,FR,Danone S.A.,MZ,https://wastebase.org/#/o/833c3669-9353-4c41-9948-a1d8cfeec1b6,,1
8001841287256,Miracle Moist Conditioner,725 ml,Aussie,US,THE PROCTER & GAMBLE COMPANY,GB,https://wastebase.org/#/o/b5390f65-0892-448b-8fe6-dc103cf4174c,,2
90377457,Morango Soft Drink,330 ml,Sparletta,US,Coca-Cola,MZ,https://wastebase.org/#/o/c3710738-2999-4396-a284-6b70bf737fe6,,3
8718951312531,Sensation White,75ml,Colgate,UK,UNKNOWN_ORG,GB,https://wastebase.org/#/o/00000000-0000-0000-0000-000000000001,,1
096619297542,Whole Black Peppercorns,399 g,Kirkland Signature,UK,UNKNOWN_ORG,GB,https://wastebase.org/#/o/00000000-0000-0000-0000-000000000001,,1
6002833000336,Spirit Vinegar,750 ml,Top Brown,UK,UNKNOWN_ORG,MZ,https://wastebase.org/#/o/00000000-0000-0000-0000-000000000001,,1
6161104401828,Premium Drinking Water,500 ml,Quencher,KE,Excel Chemicals Limited,KE,https://wastebase.org/#/o/57800e41-056c-4975-bb11-e35ac977d883,,9
6009802907016,Pure Soya Oil,1.0 L,Flo,UK,UNKNOWN_ORG,MZ,https://wastebase.org/#/o/00000000-0000-0000-0000-000000000001,,12
6009802341988,Agua de Nascente / Spring Water,5.0 L,Vumba,MZ,"Sociedade Águas Vumba, SA",MZ,https://wastebase.org/#/o/027e8655-81cd-44c9-b14e-b15181f61a8f,,68
781159921117,Fiesta Laranja,500 ml,Fiesta,MZ,Fiesta Moçambique Lda.,MZ,https://wastebase.org/#/o/3ff05ee7-f22a-410f-9f5c-3e6ce3c8a8c8,,105
5011417559161,Liquid Hand Wash,250 ml,Dettol,GB,Reckitt Benckiser Group PLC,MZ,https://wastebase.org/#/o/59e1b4f2-776f-4c60-8f22-a59a506ce7b6,,1
5449000234636,Sprite,2.0 L,Sprite,US,Coca-Cola,MZ,https://wastebase.org/#/o/c3710738-2999-4396-a284-6b70bf737fe6,,352
5601151975527,Da Terra Fruit Juice,1.0 L,Compal,PT,"SUMOL+COMPAL, S.A.",MZ,https://wastebase.org/#/o/b22c98ab-208e-49b4-ad8d-5264da74d651,,1
6009879713152,Frozy,2.0 L,Frozy,MZ,Yaafico Industrial Lda,MZ,https://wastebase.org/#/o/4d807269-db16-4aaf-a454-934634c8c319,,50
6203011060344,Pure Drinking Water,1.6 L,Uhai,TZ,BAKHRESA GROUP DIVISIONS,TZ,https://wastebase.org/#/o/0c76efb4-4008-4677-aba1-e10a6e3ef026,,134
5449000045478,Mineral Water,1.5 L,Bonaqua,US,Coca-Cola,MZ,https://wastebase.org/#/o/c3710738-2999-4396-a284-6b70bf737fe6,,85
6009670370028,Namaacha Mineral Water,500 ml,Água de Namaacha,MZ,Sociedade de Águas de Moçambique,MZ,https://wastebase.org/#/o/90c9868b-d408-490e-b3ec-15d784b5947c,17.000,2269
00415668,Extra Virgin Olive Oil,1.0 L,Sainsbury's,UK,UNKNOWN_ORG,GB,https://wastebase.org/#/o/00000000-0000-0000-0000-000000000001,,1
8712000900663,Heineken,330ml,Heineken,NL,Heineken N.V.,TZ,https://wastebase.org/#/o/b93246c4-e1e4-4722-b477-9928a73d4984,,7
6001051003433,Care Shower Lemongrass & Oil,250 ml,NIVEA,DE,Beiersdorf AG,MZ,https://wastebase.org/#/o/c03f3db6-9425-4fae-a809-20ae281ff84f,,1
0096619381784,Spring Water,500 ml,Kirkland Signature,UK,UNKNOWN_ORG,GB,https://wastebase.org/#/o/00000000-0000-0000-0000-000000000001,,1
40822938,Fanta Orange,500ml,Fanta,US,Coca-Cola,GB,https://wastebase.org/#/o/c3710738-2999-4396-a284-6b70bf737fe6,,1
6203012300937,Malt Flavoured,400ml,Mo,TZ,METL Group,TZ,https://wastebase.org/#/o/ead953e7-a526-4ced-970d-f403daaf9c7a,,43
6009880106172,Bovinto,330 ml,Izy,MZ,Moz Beverages Lda,MZ,https://wastebase.org/#/o/f66aacf8-5f3f-4a41-8240-376962c3aaff,,17
5705994075946,Refined Vegetable Oil,1.0 L,Maeva,MZ,Maeva,MZ,https://wastebase.org/#/o/4a879ee8-03cf-4482-a0a9-0677b3343188,,21
4060800172396,PepsiMax Cherry Carbonated Low Calorie Drink,500 ml,Pepsi,US,"Pepsico, Inc",GB,https://wastebase.org/#/o/fa6fbb15-8b61-4e1d-867f-db43d9d31fd3,,1
1863654060344,Drinking Water,1.6 L,Uhai,TZ,BAKHRESA GROUP DIVISIONS,TZ,https://wastebase.org/#/o/0c76efb4-4008-4677-aba1-e10a6e3ef026,,9
6009832820132,Carbonated Soft Drink,350 ml,Fizz,MZ,Mopani Internacional Lda,MZ,https://wastebase.org/#/o/a34f6bbf-55f1-46c7-82db-d13b2a8d65b8,21.500,41
6001299016608,Tropika Drink Fruta Tropical,1.0 L,Clover,ZA,Clover Industries,MZ,https://wastebase.org/#/o/4660beec-fd67-4925-a487-9bd23ceedb48,,20
6007575000576,Peach Flavour Drinking Yoghurt,500 ml,Lowveld Favourites,ZA,Lowveld Favourites,MZ,https://wastebase.org/#/o/2bc198e3-f2bc-48cf-8b84-e7ddfa38ac3e,,1
0701698525010,Agua Mineral,500ml,Matisana,MZ,Matisana Lda,MZ,https://wastebase.org/#/o/1618770c-6516-4b16-af98-4928dd725cf5,,58
5413149418493,Bathroom Cleaner,500 ml,Flash,US,THE PROCTER & GAMBLE COMPANY,GB,https://wastebase.org/#/o/b5390f65-0892-448b-8fe6-dc103cf4174c,,1
5054267009356,Sport Raspberry,500 ml,Lucozade,JP,Suntory Holdings Limited,GB,https://wastebase.org/#/o/e072cc5d-03b1-4573-bde7-abe1bfbd668c,,2
6009661170262,Fiesta,2.0 L,Fiesta,MZ,Fiesta Moçambique Lda.,MZ,https://wastebase.org/#/o/3ff05ee7-f22a-410f-9f5c-3e6ce3c8a8c8,,70
6161105381099,Purified Drinking Water,500 ml,Aquaclear,US,"Pepsico, Inc",KE,https://wastebase.org/#/o/fa6fbb15-8b61-4e1d-867f-db43d9d31fd3,,2
6009709826618,DAIRY FRUIT BLEND,430 ml,Fruiticana,ZM,Trade Kings Group,ZM,https://wastebase.org/#/o/cb94d9c2-2f62-4ad8-ad86-a189701b370c,,1
6001065601069,Dairy Milk Chocolate,80 g,Cadbury,US,"Mondelēz International, Inc.",MZ,https://wastebase.org/#/o/ed1ea69c-519a-43c6-8bfa-72d34c987d5d,,1
6009701816631,Mojo Energy Drink,330 ml,Bigtree,ZM,Trade Kings Group,ZM,https://wastebase.org/#/o/cb94d9c2-2f62-4ad8-ad86-a189701b370c,,1
6009900076768,Frozy,2.0 L,Frozy,MZ,Yaafico Industrial Lda,MZ,https://wastebase.org/#/o/4d807269-db16-4aaf-a454-934634c8c319,,2
6164000049125,Purified Drinking water,1.0 L,Zam-Zam,KE,Zam Zam,KE,https://wastebase.org/#/o/9b2a5f09-06db-4a07-a05a-f79d2208faa3,,1
42380771,Sprite zero,280ml,Sprite,US,Coca-Cola,MZ,https://wastebase.org/#/o/c3710738-2999-4396-a284-6b70bf737fe6,20.500,50
6952581701118,Garlic and Coconut oil,300ml,Nutra Shine Professional,UK,UNKNOWN_ORG,TZ,https://wastebase.org/#/o/00000000-0000-0000-0000-000000000001,,1
8693275000114,Sunflower seed oil,2000ml,cotanak,TR,Cotanak Sunflower Oil,TZ,https://wastebase.org/#/o/b6e5169c-41bd-4f31-a644-f39e98098e11,,1
3068320084602,Natural Mineral Water,1.5 L,Evian,UK,UNKNOWN_ORG,GB,https://wastebase.org/#/o/00000000-0000-0000-0000-000000000001,,1
90370748,Novida Nanasi Flavoured,300ml,Schweppes,US,Coca-Cola,MZ,https://wastebase.org/#/o/c3710738-2999-4396-a284-6b70bf737fe6,,5
781159624551,Refrigerante de maçà / Apple Drink,500 ml,Fiesta,MZ,Fiesta Moçambique Lda.,MZ,https://wastebase.org/#/o/3ff05ee7-f22a-410f-9f5c-3e6ce3c8a8c8,,17
5054402078193,Original Washing-up Liquid,450 ml,Tesco,GB,Tesco PLC,GB,https://wastebase.org/#/o/9564612d-8467-47d1-b730-d07b25946cc6,,1
5449000105660,Sparletta,2.0 L,Sparletta,US,Coca-Cola,MZ,https://wastebase.org/#/o/c3710738-2999-4396-a284-6b70bf737fe6,49.000,68
6008459000507,Mango,300ml,Afya,TZ,Watercom (T) Ltd,KE,https://wastebase.org/#/o/888420e1-1259-4c47-adfe-30740e9afa49,,1
6161100720398,Qua Still Spring Water,500 ml,Aquamist,KE,Menengai Oil Refineries Ltd.,KE,https://wastebase.org/#/o/d409e0b9-198f-4a18-b980-9e49f204264c,,1
6203003350255,Drinking Water,500 ml,ManziValley,MZ,Manzi Valley Limited,TZ,https://wastebase.org/#/o/e2aa2582-e9dd-480b-9346-cad5507418fa,,21
6203003260028,Drinking Water,1.5 L,Afya,TZ,Watercom (T) Ltd,TZ,https://wastebase.org/#/o/888420e1-1259-4c47-adfe-30740e9afa49,,22
6009832820033,Cola Drink,350 ml,Fizz,MZ,Mopani Internacional Lda,MZ,https://wastebase.org/#/o/a34f6bbf-55f1-46c7-82db-d13b2a8d65b8,21.500,712
5050179317305,Custard,500 g,Tesco Finest,GB,Tesco PLC,GB,https://wastebase.org/#/o/9564612d-8467-47d1-b730-d07b25946cc6,,1
6203003350187,Mango juice drink,300ml,Sayona,TZ,Motisun Group,TZ,https://wastebase.org/#/o/d085a391-c4b0-4605-843a-28788c216c4e,,48
7162106950047,Antiseptic Desinfectant,500 ml,Dettol,GB,Reckitt Benckiser Group PLC,TZ,https://wastebase.org/#/o/59e1b4f2-776f-4c60-8f22-a59a506ce7b6,,1
6204000078012,Premium Spirit,750 ml,K-Vant,TZ,Mega Beverages Company Co Ltd.,TZ,https://wastebase.org/#/o/adde1b3d-87b6-4c9a-9c45-c3fffb99da19,,6
6009709825031,Toilet Cleaner Gel,500 ml,Aloha,ZM,Trade Kings Group,ZM,https://wastebase.org/#/o/cb94d9c2-2f62-4ad8-ad86-a189701b370c,,1
90418297,Bitter lemon,350 ml,Krest,US,Coca-Cola,KE,https://wastebase.org/#/o/c3710738-2999-4396-a284-6b70bf737fe6,,2
6009681267102,Carbonated Drink,330 ml,7UP,US,Keurig Dr Pepper Inc.,ZM,https://wastebase.org/#/o/08d08755-55fa-4b19-aed1-dfe64a79e8f1,,1
6203011061716,Ukwaju Tamarind Juice Drink,500 ml,Azam,TZ,BAKHRESA GROUP DIVISIONS,ZM,https://wastebase.org/#/o/0c76efb4-4008-4677-aba1-e10a6e3ef026,,1
0817939012079,Anti-Bac All Purpose Cleaner,828ml,Method,US,Method Products pbc,GB,https://wastebase.org/#/o/cb2a0f45-314c-4fd0-9d92-3b774edf019e,,2
6164002081017,Purified Drinking Water,500 ml,Misty Cool,UK,UNKNOWN_ORG,KE,https://wastebase.org/#/o/00000000-0000-0000-0000-000000000001,,1
5449000028938,Orange Flavored Drink,1.25 L,Fanta,US,Coca-Cola,KE,https://wastebase.org/#/o/c3710738-2999-4396-a284-6b70bf737fe6,,2
7174001196062,Drinking it love it,1litre,SkyDots,UK,UNKNOWN_ORG,KE,https://wastebase.org/#/o/00000000-0000-0000-0000-000000000001,,1
6203012300029,Chungwa,400 ml,Mo,TZ,METL Group,TZ,https://wastebase.org/#/o/ead953e7-a526-4ced-970d-f403daaf9c7a,,20
5011898005119,Mango Juice Drink,500 ml,Rubicon,UK,UNKNOWN_ORG,GB,https://wastebase.org/#/o/00000000-0000-0000-0000-000000000001,,1
6164001199034,Purified Drinking Water,500ml,Safari King,KE,Bounty Ltd,KE,https://wastebase.org/#/o/dbd2b200-e57c-423d-8e7a-a2493af75b88,,1
6009702811178,Chewy vites,1.0ml,vitamic c,UK,UNKNOWN_ORG,TZ,https://wastebase.org/#/o/00000000-0000-0000-0000-000000000001,,1
6009802033838,Hand Sanitiser 70%,500 ml,Dr. Strong's,UK,UNKNOWN_ORG,MZ,https://wastebase.org/#/o/00000000-0000-0000-0000-000000000001,,5
0745760402601,Purified Drinking Water,500ml,Aber Drips,UK,UNKNOWN_ORG,KE,https://wastebase.org/#/o/00000000-0000-0000-0000-000000000001,,1
6009178222591,Local Seasonal Honey,375 g,Woolworths,ZA,Woolworths Holdings Ltd,MZ,https://wastebase.org/#/o/2f52aa15-7758-4286-ba2c-f683e92553a7,,1
87170795,Diet Pepsi,330 ml,Pepsi,US,"Pepsico, Inc",GB,https://wastebase.org/#/o/fa6fbb15-8b61-4e1d-867f-db43d9d31fd3,,1
90377242,Pineapple Carbonated Drink,300 ml,Fanta,US,Coca-Cola,TZ,https://wastebase.org/#/o/c3710738-2999-4396-a284-6b70bf737fe6,,11
6213003351732,Twist Spark,400 ml,Sayona,TZ,Motisun Group,TZ,https://wastebase.org/#/o/d085a391-c4b0-4605-843a-28788c216c4e,,1
6001582051132,Sunflower oil,2.0 L,Excella,SG,Wilmar International Limited,MZ,https://wastebase.org/#/o/73465d37-3534-4ada-8a1a-f95b31b0d498,,1
9716188532196,Agua Purificada,500ml,Nevada,MZ,"Nevada General Supplies Co, Lda",MZ,https://wastebase.org/#/o/dd241782-fd94-4a13-9d32-bc9871355dd2,,50
6009832820507,Mineral Water,600 ml,Aquaplus,MZ,Mopani Internacional Lda,MZ,https://wastebase.org/#/o/a34f6bbf-55f1-46c7-82db-d13b2a8d65b8,25.000,446
5033022002337,Sparkling Spring Water,500 ml,Ice Valley,UK,UNKNOWN_ORG,GB,https://wastebase.org/#/o/00000000-0000-0000-0000-000000000001,,1
5010327325132,18 year old Single Malt Whisky,750 ml,Glenfiddich,UK,UNKNOWN_ORG,MZ,https://wastebase.org/#/o/00000000-0000-0000-0000-000000000001,,2
4005808247431,Body Lotion 48h,400 ml,NIVEA,DE,Beiersdorf AG,MZ,https://wastebase.org/#/o/c03f3db6-9425-4fae-a809-20ae281ff84f,,3
6009711323983,Lemonade,500ml,Brothers,ZM,Trade Kings Group,ZM,https://wastebase.org/#/o/cb94d9c2-2f62-4ad8-ad86-a189701b370c,,1
6009880106134,Apple / Maça Carbonated Soft Drink,340 ml,Izy,MZ,Moz Beverages Lda,MZ,https://wastebase.org/#/o/f66aacf8-5f3f-4a41-8240-376962c3aaff,,3
6009879713046,Green apple,350 ml,Frozy,MZ,Yaafico Industrial Lda,MZ,https://wastebase.org/#/o/4d807269-db16-4aaf-a454-934634c8c319,,38
6009644991198,Wildcat Energy Drink,500 ml,Bigtree,ZM,Trade Kings Group,ZM,https://wastebase.org/#/o/cb94d9c2-2f62-4ad8-ad86-a189701b370c,,15
6203011061747,Ubuyu / Baobab Fruit Drink,300 ml,Azam,TZ,BAKHRESA GROUP DIVISIONS,TZ,https://wastebase.org/#/o/0c76efb4-4008-4677-aba1-e10a6e3ef026,,14
5038862304504,Smoothie Mangoes Passion Fruits Apples,750 ml,innocent,US,Coca-Cola,GB,https://wastebase.org/#/o/c3710738-2999-4396-a284-6b70bf737fe6,,2
20011697,Fresh Milk Full Cream,2.0 L,Woolworths,ZA,Woolworths Holdings Ltd,MZ,https://wastebase.org/#/o/2f52aa15-7758-4286-ba2c-f683e92553a7,,1
6034000083026,Alomo Bitters,200 ml,Kasapreko,GH,Kasapreko Company Limited,MZ,https://wastebase.org/#/o/2f20b39a-fcb2-4a3e-a1ae-5d25cd7c23e5,,1
5060608749232,Gold Strike Energy Drink,350 ml,Predator Energy,US,Coca-Cola,MZ,https://wastebase.org/#/o/c3710738-2999-4396-a284-6b70bf737fe6,,3
008080150059,Fiery Pink Pepper Body Lotion,300 ml,Molton Brown,UK,UNKNOWN_ORG,GB,https://wastebase.org/#/o/00000000-0000-0000-0000-000000000001,,1
5000177466116,Isotonic Orange Sport Drink,500 ml,Emerge,GB,Refresco Drinks UK,GB,https://wastebase.org/#/o/9be24a87-7dd5-4461-9236-30b36a754a7e,,2
6203008950245,Pure Sunflower Oil,1.0 L,Sundrop,TZ,Alaska Tanzania Industries,MZ,https://wastebase.org/#/o/6c9706c2-2edf-4594-8755-f91c1d6d67a1,,10
6001106107178,Bleach Pot Pourri,750ml,Jik,GB,Reckitt Benckiser Group PLC,MZ,https://wastebase.org/#/o/59e1b4f2-776f-4c60-8f22-a59a506ce7b6,,1
6203011060337,Pure Drinking Water,6.0 L,Uhai,TZ,BAKHRESA GROUP DIVISIONS,TZ,https://wastebase.org/#/o/0c76efb4-4008-4677-aba1-e10a6e3ef026,,7
6930773400346,Bebida Maça / Apple Drink,100 ml,Super,UK,UNKNOWN_ORG,MZ,https://wastebase.org/#/o/00000000-0000-0000-0000-000000000001,,1
6009822340961,agua vengo Manica,330ml,Vengo,MZ,Água Vengo,MZ,https://wastebase.org/#/o/341b98a9-77c5-46f6-874d-6cc972ef077e,,4
6009661170378,Grape - Carbonated Soft Drink,500 ml,Fiesta,MZ,Fiesta Moçambique Lda.,MZ,https://wastebase.org/#/o/3ff05ee7-f22a-410f-9f5c-3e6ce3c8a8c8,26.000,211
0781718086073,natural pure water,1.5 l,Pure Water,UK,UNKNOWN_ORG,MZ,https://wastebase.org/#/o/00000000-0000-0000-0000-000000000001,,1
5449000028921,Coke,1.25L,Coca-Cola,US,Coca-Cola,KE,https://wastebase.org/#/o/c3710738-2999-4396-a284-6b70bf737fe6,,6
5015552000168,Natural Mineral Water,500 ml,Buxton,GB,Nestle UK Limited,GB,https://wastebase.org/#/o/4a14ebe6-942d-4419-bd98-0f30fe2bb66c,,1
6009822340985,Água mineral,1.5 L,Vengo,MZ,Água Vengo,MZ,https://wastebase.org/#/o/341b98a9-77c5-46f6-874d-6cc972ef077e,,14
3057640136993,Natural Mineral Water,1.0 L,Volvic,FR,Danone S.A.,GB,https://wastebase.org/#/o/833c3669-9353-4c41-9948-a1d8cfeec1b6,,2
6009709823556,Fruticana,430ml,Bigtree,ZM,Trade Kings Group,ZM,https://wastebase.org/#/o/cb94d9c2-2f62-4ad8-ad86-a189701b370c,,8
5054073047559,Still Natural Mineral Water,500ml,best-one,UK,UNKNOWN_ORG,GB,https://wastebase.org/#/o/00000000-0000-0000-0000-000000000001,,1
6009644549047,Non alcohol cofee,500ml,Malt drink,TZ,Tanzania Breweries Limited,TZ,https://wastebase.org/#/o/2a607fcc-0b37-4cc2-8818-7898608b31fd,,1
6002570550958,Daily multi v and minerals,60 g,Junglevites,UK,UNKNOWN_ORG,MZ,https://wastebase.org/#/o/00000000-0000-0000-0000-000000000001,,1
6001087358743,Sunlight Liquid,750 ml,Sunlight,GB,Unilever Plc,MZ,https://wastebase.org/#/o/909d4d9f-4537-4a18-bb1b-cf8f3c8304bc,,37
6959749712580,ideal for Chinese and Japanese Foods,100ml,SOY SAUCE,UK,UNKNOWN_ORG,TZ,https://wastebase.org/#/o/00000000-0000-0000-0000-000000000001,,1
6161100720015,Mineral Water,1.5 L,Aquamist,KE,Menengai Oil Refineries Ltd.,KE,https://wastebase.org/#/o/d409e0b9-198f-4a18-b980-9e49f204264c,,1
5449000133373,Indian Tonic Water,1.0 L,Schweppes,US,Coca-Cola,GB,https://wastebase.org/#/o/c3710738-2999-4396-a284-6b70bf737fe6,,1
6009672211664,Drinking Yoghurt,500ml,ZamSip,ZM,Trade Kings Group,ZM,https://wastebase.org/#/o/cb94d9c2-2f62-4ad8-ad86-a189701b370c,,2
5000128581042,Natural mineral water,500ml,Co-op,GB,CO-OPERATIVE GROUP LIMITED,GB,https://wastebase.org/#/o/9fca3aa4-e021-4b06-acff-6b8ebf36dd38,,1
90418013,Novida,350ml,Schweppes,US,Coca-Cola,MZ,https://wastebase.org/#/o/c3710738-2999-4396-a284-6b70bf737fe6,,16
54491496,Diet Coke,500 ml,Coca-Cola,US,Coca-Cola,MZ,https://wastebase.org/#/o/c3710738-2999-4396-a284-6b70bf737fe6,,2
5601312063261,Equilibrio Jam 4 Frutos Vermelhos,340g,Continente,PT,"MODELO CONTINENTE HIPERMERCADOS, S.A.",MZ,https://wastebase.org/#/o/754c219b-ba38-453c-8616-08b9c55ab10e,,1
40822938,Fanta Orange,500ml,Fanta,US,Coca-Cola,KE,https://wastebase.org/#/o/c3710738-2999-4396-a284-6b70bf737fe6,,6
6009655973381,Maracuja / Passion Fruit Dairy Blend Concentrate,1.0 L,Fusion,ZA,Shoprite Holdings Ltd,MZ,https://wastebase.org/#/o/cc831b58-f0d1-47bf-ba8c-6c5bda375d22,,1
6009646581007,Mineral Water,1.5 L,Vumba,MZ,"Sociedade Águas Vumba, SA",MZ,https://wastebase.org/#/o/027e8655-81cd-44c9-b14e-b15181f61a8f,33.000,450
817939005118,French Lavender Plant-based hand wash,354 ml,Method,US,Method Products pbc,GB,https://wastebase.org/#/o/cb2a0f45-314c-4fd0-9d92-3b774edf019e,,1
6009707170775,Yogurt Líquido Oohlala Chocolate,500ml,Oohlala,UK,UNKNOWN_ORG,MZ,https://wastebase.org/#/o/00000000-0000-0000-0000-000000000001,,1
6201100071622,Carbonated Drink,300ml,Pepsi,US,"Pepsico, Inc",KE,https://wastebase.org/#/o/fa6fbb15-8b61-4e1d-867f-db43d9d31fd3,,1
6201100071912,Pepsi Max,400 ml,Pepsi,US,"Pepsico, Inc",TZ,https://wastebase.org/#/o/fa6fbb15-8b61-4e1d-867f-db43d9d31fd3,,18
5056079900753,Sport Isotonic Mixed Berry Drink,500 ml,Boost,GB,Boost Drinks LTD,GB,https://wastebase.org/#/o/39cf108a-33c8-47c2-8180-96ff828a5b17,,2
6001299044601,Super M,300 ml,Clover,ZA,Clover Industries,MZ,https://wastebase.org/#/o/4660beec-fd67-4925-a487-9bd23ceedb48,,1
5449000124999,Summer Fruits,500ml,Oasis (UK),US,Coca-Cola,GB,https://wastebase.org/#/o/c3710738-2999-4396-a284-6b70bf737fe6,,1
0792382342730,Drinking Water,500 ml,Mbaruk Springs,UK,UNKNOWN_ORG,KE,https://wastebase.org/#/o/00000000-0000-0000-0000-000000000001,,1
42380580,Orange flavored drink,350 ml,Minute Maid,US,Coca-Cola,KE,https://wastebase.org/#/o/c3710738-2999-4396-a284-6b70bf737fe6,,1
5054267000681,Lucozade Sport Orange Still,500 ml,Lucozade,JP,Suntory Holdings Limited,GB,https://wastebase.org/#/o/e072cc5d-03b1-4573-bde7-abe1bfbd668c,,3
54490673,Tonic Water,500ml,Krest,US,Coca-Cola,TZ,https://wastebase.org/#/o/c3710738-2999-4396-a284-6b70bf737fe6,,2
5000382044949,Sugar Free Carbonated Drink,500 ml,Irn-Bru,GB,A.G. BARR PLC,GB,https://wastebase.org/#/o/9b860562-6792-415d-ae92-2877ec50154a,,1
50096190,Original Anti-Perspirant,50 ml,Dove,GB,Unilever Plc,GB,https://wastebase.org/#/o/909d4d9f-4537-4a18-bb1b-cf8f3c8304bc,,1
0096619482016,Spring Water,500 ml,Kirkland Signature,UK,UNKNOWN_ORG,GB,https://wastebase.org/#/o/00000000-0000-0000-0000-000000000001,,1
0792382352296,Drinking Water,1.5 L,Karigen,KE,Tesouros,KE,https://wastebase.org/#/o/ed9a8c45-6cdf-4d2c-b14b-73f8cd28578c,,1
6203010360087,smart gi,200ml,smart gin,UK,UNKNOWN_ORG,TZ,https://wastebase.org/#/o/00000000-0000-0000-0000-000000000001,,31
6161101450591,Energy Drink,350 ml,Frozy,MZ,Yaafico Industrial Lda,MZ,https://wastebase.org/#/o/4d807269-db16-4aaf-a454-934634c8c319,25.000,311
50107452,Irn Bru Sugar Free,500 ml,Irn-Bru,GB,A.G. BARR PLC,GB,https://wastebase.org/#/o/9b860562-6792-415d-ae92-2877ec50154a,,2
6164002614017,Pure Drinking Water,1.0 l,Kisima,TZ,Aqua Cool Ltd,KE,https://wastebase.org/#/o/48af7461-278d-460c-a06c-6e78a2ddf20a,,1
6203012300630,Pure Drinking Water,1.5 L,Masafi,TZ,METL Group,TZ,https://wastebase.org/#/o/ead953e7-a526-4ced-970d-f403daaf9c7a,,50
5705994075939,Oleo Vegetal,2.0 L,Maeva,MZ,Maeva,MZ,https://wastebase.org/#/o/4a879ee8-03cf-4482-a0a9-0677b3343188,,10
6203003350712,Tunda Embe / Mango Juice Drink,300 ml,Sayona,TZ,Motisun Group,TZ,https://wastebase.org/#/o/d085a391-c4b0-4605-843a-28788c216c4e,,2
6009660903816,Indian Tonic,200ml,Fitch and leedes,ZA,Chill Beverages International,TZ,https://wastebase.org/#/o/72f6a8ff-d8d5-47e8-8f6f-8604320c0e22,,8
6201100062071,Grand Malt Non-alcohol can,330ml,Malt drink,TZ,Tanzania Breweries Limited,TZ,https://wastebase.org/#/o/2a607fcc-0b37-4cc2-8818-7898608b31fd,,4
4084500870628,Original Dish Washing Liquid,780ml,Fairy,US,THE PROCTER & GAMBLE COMPANY,GB,https://wastebase.org/#/o/b5390f65-0892-448b-8fe6-dc103cf4174c,,1
6001374013331,Peach Blossom Bubble Bath,2.0 L,Satiskin,ZA,Amka Products (Pty) Ltd,MZ,https://wastebase.org/#/o/eeda84ab-c055-4477-9752-9d1e644ba1db,115.000,2
01125382,Scottish Fresh Semi-Skimmed Milk,2.272 L,Sainsbury's,UK,UNKNOWN_ORG,GB,https://wastebase.org/#/o/00000000-0000-0000-0000-000000000001,,1
5606536050004,Agua Mineral,500 ml,Montes Libombos,UK,UNKNOWN_ORG,MZ,https://wastebase.org/#/o/00000000-0000-0000-0000-000000000001,,2
7898917052129,ciclo farma,1000ml,industria Quimica,UK,UNKNOWN_ORG,TZ,https://wastebase.org/#/o/00000000-0000-0000-0000-000000000001,,1
6001878004033,Lavender Air Freshener,180 ml,Air Scents,ZA,Shield Chemicals,MZ,https://wastebase.org/#/o/70fdfecd-0cf2-478a-bfa0-2ff2aac3d589,0.000,1
90377266,Lemon-Lime Flavoured Drink,300ml,Sprite,US,Coca-Cola,TZ,https://wastebase.org/#/o/c3710738-2999-4396-a284-6b70bf737fe6,,15
6001565023835,Oleo Ouro,2.0 L,Somol,UK,UNKNOWN_ORG,MZ,https://wastebase.org/#/o/00000000-0000-0000-0000-000000000001,,27
6009803672500,Natural Food,500g,Milk Maheu,ZM,Trade Kings Group,ZM,https://wastebase.org/#/o/cb94d9c2-2f62-4ad8-ad86-a189701b370c,,2
6009660040214,Pure Drinking Water,1.5 L,Zan Aqua,TZ,Zainab Bottlers Company limited,TZ,https://wastebase.org/#/o/988c8307-c778-474b-ade6-c71ebbe358f1,,1
6201100060954,Lager,375ml,Safari,BE,Anheuser-Busch InBev,TZ,https://wastebase.org/#/o/3c5a74ee-5738-453a-8bf6-e5a95674c168,,1
4056489479499,Apple & Mango Juice,1.0 L,Naturis,UK,UNKNOWN_ORG,GB,https://wastebase.org/#/o/00000000-0000-0000-0000-000000000001,,1
42380672,Lemon Drink,280 ml,Fanta,US,Coca-Cola,MZ,https://wastebase.org/#/o/c3710738-2999-4396-a284-6b70bf737fe6,,13
54491069,Lemon-Lime Flavoured Drink,500 ml,Sprite,US,Coca-Cola,KE,https://wastebase.org/#/o/c3710738-2999-4396-a284-6b70bf737fe6,,10
90418303,Tangawizi / Ginger Beer,350 ml,Stoney,US,Coca-Cola,KE,https://wastebase.org/#/o/c3710738-2999-4396-a284-6b70bf737fe6,,1
42380665,Fanta Litchi,280 ml,Fanta,US,Coca-Cola,MZ,https://wastebase.org/#/o/c3710738-2999-4396-a284-6b70bf737fe6,20.500,38
8699415023005,Gel de Banho,315 ml,AquaVera,UK,UNKNOWN_ORG,MZ,https://wastebase.org/#/o/00000000-0000-0000-0000-000000000001,,1
6203023810012,MAJI HALISI,1600ml,Furaha,UK,UNKNOWN_ORG,TZ,https://wastebase.org/#/o/00000000-0000-0000-0000-000000000001,,13
5449000004840,Fanta Orange,2.0 L,Fanta,US,Coca-Cola,KE,https://wastebase.org/#/o/c3710738-2999-4396-a284-6b70bf737fe6,49.000,2
6203003260004,Mineral water,350 ml,Afya,TZ,Watercom (T) Ltd,TZ,https://wastebase.org/#/o/888420e1-1259-4c47-adfe-30740e9afa49,,19
6009612470694,Mineral Water,500 ml,aQuellé,ZA,Aquelle,MZ,https://wastebase.org/#/o/61f57f57-efe7-40c6-a777-6ad20799ed51,,21
5449000131836,Diet Coke,500 ml,Coca-Cola,US,Coca-Cola,TZ,https://wastebase.org/#/o/c3710738-2999-4396-a284-6b70bf737fe6,,1
6164001689023,Drinking water,1.0 L,Wetlands Springs,KE,Josmis Suppliers Limited,KE,https://wastebase.org/#/o/3eda1feb-95d4-4eea-b151-0accd028458b,,1
6001106122966,Instant Hand Sanitizer,50 ml,Dettol,GB,Reckitt Benckiser Group PLC,MZ,https://wastebase.org/#/o/59e1b4f2-776f-4c60-8f22-a59a506ce7b6,,1
6164002465008,Drinking Water,500 ml,Karigen,KE,Tesouros,KE,https://wastebase.org/#/o/ed9a8c45-6cdf-4d2c-b14b-73f8cd28578c,,3
5449000098764,Purified Water,1.0 L,Dasani,US,Coca-Cola,KE,https://wastebase.org/#/o/c3710738-2999-4396-a284-6b70bf737fe6,,6
6009880243013,Still Natural Spring Water,500 ml,Thirsti,ZA,Normandien Farms (Pty) Ltd,ZA,https://wastebase.org/#/o/938b7871-486a-4d04-9ef0-be2cb860bc1b,,1
6161112464198,Pure Water,500ml,Safi,KE,Safi Water Limited,KE,https://wastebase.org/#/o/74114966-2d54-47e1-8313-d88d940c5bd8,,5
5000112599725,Citrus Punch Fruit Drink,500 ml,Oasis (UK),US,Coca-Cola,GB,https://wastebase.org/#/o/c3710738-2999-4396-a284-6b70bf737fe6,,1
6009879713138,Frozy Coco Ananás,2.0 L,Frozy,MZ,Yaafico Industrial Lda,MZ,https://wastebase.org/#/o/4d807269-db16-4aaf-a454-934634c8c319,,20
6001135009450,Anti-bacterial Mouthwash,500ml,Listerine,US,Johnson & Johnson,TZ,https://wastebase.org/#/o/05cbb283-7645-40a7-8b14-f6bd1242526d,,1
6201100062040,Kilimanjaro Premium Lager,330ml,Kilimanjaro,US,Coca-Cola,TZ,https://wastebase.org/#/o/c3710738-2999-4396-a284-6b70bf737fe6,,20
9716188532141,Agua Purificada,5.0 L,Nevada,MZ,"Nevada General Supplies Co, Lda",MZ,https://wastebase.org/#/o/dd241782-fd94-4a13-9d32-bc9871355dd2,,16
5603674000762,Nathura pharma - (alcool etilico),250 ml,Mistolin,PT,Mistolin Company,MZ,https://wastebase.org/#/o/d54cec79-4126-4214-9111-e54ff2fdfbb5,,1
6009801699301,Oleo Alimentar Puro de Soja,350 ml,Confiança,MZ,"COPROZMOL, Lda",MZ,https://wastebase.org/#/o/061ec0c6-8f2b-4eaa-b7f7-3380c2dbcc30,,1
6164002614024,Pure Drinking Water,500 ml,Kisima,TZ,Aqua Cool Ltd,KE,https://wastebase.org/#/o/48af7461-278d-460c-a06c-6e78a2ddf20a,,1
6204000036012,K-Vant Spirit,750 ml,K-Vant,TZ,Mega Beverages Company Co Ltd.,TZ,https://wastebase.org/#/o/adde1b3d-87b6-4c9a-9c45-c3fffb99da19,,9
6161111910160,kombucha,330ml,gavi beverages,ZM,Gavi Beverages Ltd.,ZM,https://wastebase.org/#/o/2f2cbd4f-6833-4c51-9ecf-640f5ebdbc4f,,12
781159921124,Fiesta Cola,500 ml,Fiesta,MZ,Fiesta Moçambique Lda.,MZ,https://wastebase.org/#/o/3ff05ee7-f22a-410f-9f5c-3e6ce3c8a8c8,,70
6203003350859,CARBONATED FLAVOURED DRINK,400 ml,Sayona Twist,TZ,Sayona Drink Limited,TZ,https://wastebase.org/#/o/945bd7d5-a2fe-49e2-a02d-0102f581802f,,34
5000382044925,Carbonated Soft Drink,500 ml,Irn-Bru,GB,A.G. BARR PLC,GB,https://wastebase.org/#/o/9b860562-6792-415d-ae92-2877ec50154a,,4
6161101571739,Table vinegar,1.0 L,Simba Table Vinegar,TZ,CHEMICOTEX,TZ,https://wastebase.org/#/o/3e3488e6-c0e7-4b8e-92a9-ca6ff32eaed7,,1
5449000028976,Lemon-lime Flavoured Drink,1.25 L,Sprite,US,Coca-Cola,KE,https://wastebase.org/#/o/c3710738-2999-4396-a284-6b70bf737fe6,,2
6009644549337,Azam Passion,300ml,Azam,TZ,BAKHRESA GROUP DIVISIONS,TZ,https://wastebase.org/#/o/0c76efb4-4008-4677-aba1-e10a6e3ef026,,7
5057753285807,Extracts of Eucalyptus Antibacterial Handwash,500 ml,Tesco,GB,Tesco PLC,GB,https://wastebase.org/#/o/9564612d-8467-47d1-b730-d07b25946cc6,,1
5011273030651,Set Honey,1360 g,Rowse,UK,UNKNOWN_ORG,GB,https://wastebase.org/#/o/00000000-0000-0000-0000-000000000001,,1
5011273119035,organic honey,3X340g,Rowse,UK,UNKNOWN_ORG,GB,https://wastebase.org/#/o/00000000-0000-0000-0000-000000000001,,1
6161104216026,Drinking water,1.0l,KOL,UK,UNKNOWN_ORG,KE,https://wastebase.org/#/o/00000000-0000-0000-0000-000000000001,,1
6009670370004,Mineral Water,1.5 L,Água de Namaacha,MZ,Sociedade de Águas de Moçambique,MZ,https://wastebase.org/#/o/90c9868b-d408-490e-b3ec-15d784b5947c,47.500,529
0621033967506,Água Purificada,500 ml,Crystalina,MZ,"SK Industries, Lda",MZ,https://wastebase.org/#/o/9e459dd2-e6f5-4f5c-a59a-4b5e7f11d350,,47
40822938,Fanta Orange,500ml,Fanta,US,Coca-Cola,TZ,https://wastebase.org/#/o/c3710738-2999-4396-a284-6b70bf737fe6,,49
5000112599732,Summer Fruits Juice Drink,500 ml,Oasis (UK),US,Coca-Cola,GB,https://wastebase.org/#/o/c3710738-2999-4396-a284-6b70bf737fe6,,1
6203003260141,Drinking Water,13 L,Afya,TZ,Watercom (T) Ltd,TZ,https://wastebase.org/#/o/888420e1-1259-4c47-adfe-30740e9afa49,,3
621033967506,Bottle Green Ginger & Lemongrass,500 ml,Crystalina,MZ,"SK Industries, Lda",MZ,https://wastebase.org/#/o/9e459dd2-e6f5-4f5c-a59a-4b5e7f11d350,,6
6009803227328,Drinking Water,500 ml,Aquaclear,US,"Pepsico, Inc",ZM,https://wastebase.org/#/o/fa6fbb15-8b61-4e1d-867f-db43d9d31fd3,,2
8001090718792,Miracle Moist Shampoo,90ml,Aussie,US,THE PROCTER & GAMBLE COMPANY,GB,https://wastebase.org/#/o/b5390f65-0892-448b-8fe6-dc103cf4174c,,1
42117131,Coca-Cola,330 ml,Coca-Cola,US,Coca-Cola,KE,https://wastebase.org/#/o/c3710738-2999-4396-a284-6b70bf737fe6,,3
5000101213991,Fruit Chew Antibacterial Handwash,500 ml,Cussons,GB,PZ Cussons PLC,MZ,https://wastebase.org/#/o/f91e7fb7-6b35-4a6b-8be5-05318c948a50,,1
7174001196055,Drink it love it,500ml,SkyDots,UK,UNKNOWN_ORG,KE,https://wastebase.org/#/o/00000000-0000-0000-0000-000000000001,,1
6009832820170,Energy Drink,350 ml,Fizz,MZ,Mopani Internacional Lda,MZ,https://wastebase.org/#/o/a34f6bbf-55f1-46c7-82db-d13b2a8d65b8,21.500,1676
90375286,Coca-Cola,280 ml,Coca-Cola,US,Coca-Cola,MZ,https://wastebase.org/#/o/c3710738-2999-4396-a284-6b70bf737fe6,,31
6009880243075,Natural Spring Water,330 ml,Thirsti,ZA,Normandien Farms (Pty) Ltd,MZ,https://wastebase.org/#/o/938b7871-486a-4d04-9ef0-be2cb860bc1b,,1
6009802229033,Agua Natural,1.5 l,Fonte da Vida,MZ,Fonte da Vida Lda,MZ,https://wastebase.org/#/o/ed2e5d1f-2782-4291-9b11-cfa9f3548928,,5
5449000139474,Strawberry / Morango Carbonated Soft Drink,1.0 L,Sparletta,US,Coca-Cola,MZ,https://wastebase.org/#/o/c3710738-2999-4396-a284-6b70bf737fe6,,79
6001526050047,Bond Latex Additive,1.0 L,Tal,GB,Norcros Plc,MZ,https://wastebase.org/#/o/a3456495-9623-4dea-9af6-fb4cbe37bbcb,,1
6203018220123,Mo Xtra Energy,320ml,Mo,TZ,METL Group,TZ,https://wastebase.org/#/o/ead953e7-a526-4ced-970d-f403daaf9c7a,,12
6008459000330,Multi-Vitamin Fruit Juice,500 ml,Afia,KE,Kevian Kenya Limited,KE,https://wastebase.org/#/o/e3c3c78e-74ba-4f45-a2ec-1461b3f6d295,,1
5010459005025,Still Spring Water,1.5 L,Highland Spring,GB,HIGHLAND SPRING LIMITED,GB,https://wastebase.org/#/o/745bf45b-c66b-4c6b-8b6e-5725b33de313,,1
6009822340954,Agua Purificada,5.0 L,Vengo,MZ,Água Vengo,MZ,https://wastebase.org/#/o/341b98a9-77c5-46f6-874d-6cc972ef077e,,1
7898199082548,LAVA LOUCAS CONCENTRADO,650ml,Biowash,UK,UNKNOWN_ORG,TZ,https://wastebase.org/#/o/00000000-0000-0000-0000-000000000001,,1
54493353,Passion Flavour Carbonated Drink,500 ml,Fanta,US,Coca-Cola,KE,https://wastebase.org/#/o/c3710738-2999-4396-a284-6b70bf737fe6,,4
6009661170361,Fiesta,2.0 L,Fiesta,MZ,Fiesta Moçambique Lda.,MZ,https://wastebase.org/#/o/3ff05ee7-f22a-410f-9f5c-3e6ce3c8a8c8,,1
5449000117977,Sparletta Pine Nut,2.0 L,Sparletta,US,Coca-Cola,MZ,https://wastebase.org/#/o/c3710738-2999-4396-a284-6b70bf737fe6,49.000,8
8712561790017,Deeply Nourishing Body Wash,55 ml,Dove,GB,Unilever Plc,GB,https://wastebase.org/#/o/909d4d9f-4537-4a18-bb1b-cf8f3c8304bc,,1
6001324217253,Naartjie Drink,500 ml,Energade,UK,UNKNOWN_ORG,MZ,https://wastebase.org/#/o/00000000-0000-0000-0000-000000000001,,2
5011273040339,Organic Honey,340 g,Rowse,UK,UNKNOWN_ORG,GB,https://wastebase.org/#/o/00000000-0000-0000-0000-000000000001,,1
6201100062002,Castle Lite,330ml,Castle Lite,BE,Anheuser-Busch InBev,TZ,https://wastebase.org/#/o/3c5a74ee-5738-453a-8bf6-e5a95674c168,,31
4779040221060,Healthy Juice,1.5L,Aleo,LT,Mega Baltic JSC,MZ,https://wastebase.org/#/o/ae9e219d-c99f-4bd2-8552-d961bc0e8cd1,,2
5601312069805,Cafe Descadeinado Moagem Fina,250 g,Continente,PT,"MODELO CONTINENTE HIPERMERCADOS, S.A.",MZ,https://wastebase.org/#/o/754c219b-ba38-453c-8616-08b9c55ab10e,,1
9506000124711,Cooking Oil,1.0 L,Óleo Dona,SG,Olam International Ltd,MZ,https://wastebase.org/#/o/3b2dbe02-26ea-4c8d-acdb-f0718562cebc,,73
5000193034559,Dr. Pepper Carbonated Soft Drink,500 ml,Dr. Pepper,UK,UNKNOWN_ORG,GB,https://wastebase.org/#/o/00000000-0000-0000-0000-000000000001,,1
6201100035457,MOISTURISING SKIN PROTECTION,100ml,VESTLINE,UK,UNKNOWN_ORG,TZ,https://wastebase.org/#/o/00000000-0000-0000-0000-000000000001,,3
6161108920578,Mineral Water,1.0 L,Aquamist,KE,Menengai Oil Refineries Ltd.,KE,https://wastebase.org/#/o/d409e0b9-198f-4a18-b980-9e49f204264c,,1
5603124018828,Álcool Gel Desinfetante,125 ml,Mistolin,PT,Mistolin Company,MZ,https://wastebase.org/#/o/d54cec79-4126-4214-9111-e54ff2fdfbb5,,2
6203003250210,Jembe Drink,400ml,Jembe,TZ,Watercom (T) Ltd,TZ,https://wastebase.org/#/o/888420e1-1259-4c47-adfe-30740e9afa49,,5
6920459993798,Honey Drink,500 ml,Master Kong,CN,Master Kong,MZ,https://wastebase.org/#/o/2de78d96-45ce-429f-a2e2-aac57a207734,,1
6001087006095,Creme de Limpeza,750 ml,Handy Andy,GB,Unilever Plc,MZ,https://wastebase.org/#/o/909d4d9f-4537-4a18-bb1b-cf8f3c8304bc,,1
6001240200018,Apple Juice,200 ml,Ceres,ZA,Pioneer Foods (Pty),MZ,https://wastebase.org/#/o/7aeb1e28-56bf-4b5b-8252-d8e7b18e5921,,1
6181100530407,Skin Lightening Beauty Cream,150 ml,Perfect White,CI,Dream Cosmetics,MZ,https://wastebase.org/#/o/cc2d91e4-f260-4608-a064-d9a39701bdd5,,1
6009832820149,Fizz,350 ml,Fizz,MZ,Mopani Internacional Lda,MZ,https://wastebase.org/#/o/a34f6bbf-55f1-46c7-82db-d13b2a8d65b8,21.500,3666
5449000006271,Fanta,1.0 L,Fanta,US,Coca-Cola,MZ,https://wastebase.org/#/o/c3710738-2999-4396-a284-6b70bf737fe6,,264
5449000118615,DRINKING WATER,2.5 L,Kilimanjaro,US,Coca-Cola,TZ,https://wastebase.org/#/o/c3710738-2999-4396-a284-6b70bf737fe6,,28
6017610373428,Touch of Fruit Low Sugar Lemon & Lime,1.5 L,Volvic,FR,Danone S.A.,GB,https://wastebase.org/#/o/833c3669-9353-4c41-9948-a1d8cfeec1b6,,1
6009704171454,Provita Wholewheat Crispbread,250g,Bakers,UK,UNKNOWN_ORG,MZ,https://wastebase.org/#/o/00000000-0000-0000-0000-000000000001,,2
5449000133328,Coke Zero,1.0 L,Coca-Cola,US,Coca-Cola,MZ,https://wastebase.org/#/o/c3710738-2999-4396-a284-6b70bf737fe6,,55
6009900507354,Drinking Water,500 ml,Aqua Smooth,UK,UNKNOWN_ORG,ZM,https://wastebase.org/#/o/00000000-0000-0000-0000-000000000001,,4
54491472,Coke,500ml,Coca-Cola,US,Coca-Cola,TZ,https://wastebase.org/#/o/c3710738-2999-4396-a284-6b70bf737fe6,,52
8901088000345,Coconut Oil,200 ml,Parachute,UK,UNKNOWN_ORG,TZ,https://wastebase.org/#/o/00000000-0000-0000-0000-000000000001,,1
781159921162,Pêssego / Peach,500 ml,Fiesta,MZ,Fiesta Moçambique Lda.,MZ,https://wastebase.org/#/o/3ff05ee7-f22a-410f-9f5c-3e6ce3c8a8c8,,4
8715035110809,Kikkoman Naturally Brewed Soy Sauce,1.0 L,Kikkoman,UK,UNKNOWN_ORG,GB,https://wastebase.org/#/o/00000000-0000-0000-0000-000000000001,,1
90338052,Coke,300ml,Coca-Cola,US,Coca-Cola,TZ,https://wastebase.org/#/o/c3710738-2999-4396-a284-6b70bf737fe6,,6
3057640100673,Natural Mineral Water,500 ml,Volvic,FR,Danone S.A.,GB,https://wastebase.org/#/o/833c3669-9353-4c41-9948-a1d8cfeec1b6,,1
5449000028921,Coke,1.25L,Coca-Cola,US,Coca-Cola,TZ,https://wastebase.org/#/o/c3710738-2999-4396-a284-6b70bf737fe6,,5
6161105450597,Energy Drink,350 ml,Frozy,MZ,Yaafico Industrial Lda,MZ,https://wastebase.org/#/o/4d807269-db16-4aaf-a454-934634c8c319,25.000,759
87303322,Drinking Water,500 ml,Dasani,US,Coca-Cola,KE,https://wastebase.org/#/o/c3710738-2999-4396-a284-6b70bf737fe6,,4
4060800134943,Pepsi Max,600 ml,Pepsi,US,"Pepsico, Inc",GB,https://wastebase.org/#/o/fa6fbb15-8b61-4e1d-867f-db43d9d31fd3,,1
6009661170255,Vimto Gasificado,500ml,Vimto,GB,Nichols plc,MZ,https://wastebase.org/#/o/85022289-591b-4e34-907f-4c54a87c522f,,145
42117131,Coca-Cola,330 ml,Coca-Cola,US,Coca-Cola,ZM,https://wastebase.org/#/o/c3710738-2999-4396-a284-6b70bf737fe6,,2
6001106120559,Hygiene Kitchen Cleaner,500 ml,Dettol,GB,Reckitt Benckiser Group PLC,MZ,https://wastebase.org/#/o/59e1b4f2-776f-4c60-8f22-a59a506ce7b6,,2
40822099,Lemon lime flavoured drink,350 ml,Sprite,US,Coca-Cola,KE,https://wastebase.org/#/o/c3710738-2999-4396-a284-6b70bf737fe6,,8
6203003260110,Mineral Water,1.0l,Afya,TZ,Watercom (T) Ltd,TZ,https://wastebase.org/#/o/888420e1-1259-4c47-adfe-30740e9afa49,,20
6201100071691,Fruity Flavoured Soft Drink,600 ml,Mirinda,US,"Pepsico, Inc",TZ,https://wastebase.org/#/o/fa6fbb15-8b61-4e1d-867f-db43d9d31fd3,,10
6203013230011,Best drinking water,500 ml,Drop of Zanzibar,TZ,Drop of Zanzibar Limited,MZ,https://wastebase.org/#/o/0a6a8128-4fa6-4533-8d5b-f648309258e7,,1
6166000095324,Pure Drinking Water,1.0 L,Aquadrops,UK,UNKNOWN_ORG,KE,https://wastebase.org/#/o/00000000-0000-0000-0000-000000000001,,1
6203011060436,Apple punch,300 ml,Azam,TZ,BAKHRESA GROUP DIVISIONS,TZ,https://wastebase.org/#/o/0c76efb4-4008-4677-aba1-e10a6e3ef026,,15
5449000003768,Fanta Grape,2.0 L,Fanta,US,Coca-Cola,MZ,https://wastebase.org/#/o/c3710738-2999-4396-a284-6b70bf737fe6,,23
6009880106110,Izy Coco Pine,340 ml,Izy,MZ,Moz Beverages Lda,MZ,https://wastebase.org/#/o/f66aacf8-5f3f-4a41-8240-376962c3aaff,21.000,117
9507000007462,Agua Mineral Diamante Liquido,500 ml,Glaciar,MZ,Glaciar Industria e Comercio,MZ,https://wastebase.org/#/o/0d4adecb-eec9-41d4-b2ab-b3500061b5bb,,5
6161108920561,Mineral Water,500 ml,Aquamist,KE,Menengai Oil Refineries Ltd.,KE,https://wastebase.org/#/o/d409e0b9-198f-4a18-b980-9e49f204264c,,1
5603674000557,Ambientador,250ml,ACTY,PT,Mistolin Company,MZ,https://wastebase.org/#/o/d54cec79-4126-4214-9111-e54ff2fdfbb5,,1
6204000498018,pure drinking water,500ml,Precious,UK,UNKNOWN_ORG,TZ,https://wastebase.org/#/o/00000000-0000-0000-0000-000000000001,,46
9556135421506,Drinking Water,1.5 L,Summer,UK,UNKNOWN_ORG,MZ,https://wastebase.org/#/o/00000000-0000-0000-0000-000000000001,,1
4820196910015,Sunflower Seed Oil,1.0 L,Bonlife,UA,Manzaro Ukraine LLC,MZ,https://wastebase.org/#/o/d42dbf62-2cdb-4d7c-b226-b2c443191c42,,1
5020379106658,Tropical Berry Sport Drink,500 ml,Euro Shopper,UK,UNKNOWN_ORG,GB,https://wastebase.org/#/o/00000000-0000-0000-0000-000000000001,,2
8850769017021,Fish oil,1000ml,Mega We care,TH,Mega Lifesciences Public Company Limited,TZ,https://wastebase.org/#/o/4ff327f9-f56d-410d-97b6-f79c2cc6cf9c,,1
6009900076713,Coco Ananas Cocopine,350 ml,Frozy,MZ,Yaafico Industrial Lda,MZ,https://wastebase.org/#/o/4d807269-db16-4aaf-a454-934634c8c319,,20
6203011990047,Drink Dance Gin,200ml,Leader's Ananasi,TZ,Prime Care Distilleries Ltd,TZ,https://wastebase.org/#/o/ecfa97f4-9c11-4c86-9f85-11abffa3f51d,,80
6009832820163,Fizz,350 ml,Fizz,MZ,Mopani Internacional Lda,MZ,https://wastebase.org/#/o/a34f6bbf-55f1-46c7-82db-d13b2a8d65b8,21.500,457
5601084125907,Engine Oil SAE10W-40,1.0 L,Galp,PT,"Galp Energia, SGPS, S.A.",MZ,https://wastebase.org/#/o/94c589a1-6089-4693-9193-1ab386cb68fd,,1
6009644991204,Wildcat Energy Drink,330 ml,Bigtree,ZM,Trade Kings Group,ZM,https://wastebase.org/#/o/cb94d9c2-2f62-4ad8-ad86-a189701b370c,,2
5449000000286,Coca-Cola,2.0 L,Coca-Cola,US,Coca-Cola,KE,https://wastebase.org/#/o/c3710738-2999-4396-a284-6b70bf737fe6,52.500,1
6009832820040,Lemon / Limao,350 ml,Fizz,MZ,Mopani Internacional Lda,MZ,https://wastebase.org/#/o/a34f6bbf-55f1-46c7-82db-d13b2a8d65b8,21.500,1785
6291021210514,Drinking Water,1.5 L,Oasis,AE,Oasis Pure Water,MZ,https://wastebase.org/#/o/e0a7b1cf-1330-49f7-aa06-f675c55d3ab7,,1
5018907197803,Mineral Water,500 ml,Keringet,US,Coca-Cola,KE,https://wastebase.org/#/o/c3710738-2999-4396-a284-6b70bf737fe6,,1
6203008950245,Pure Sunflower Oil,1.0 L,Sundrop,TZ,Alaska Tanzania Industries,TZ,https://wastebase.org/#/o/6c9706c2-2edf-4594-8755-f91c1d6d67a1,,8
87171372,Gatorade Carbonated Sports Drink,500 ml,Gatorade,UK,UNKNOWN_ORG,GB,https://wastebase.org/#/o/00000000-0000-0000-0000-000000000001,,1
54491472,Coke,500ml,Coca-Cola,US,Coca-Cola,GB,https://wastebase.org/#/o/c3710738-2999-4396-a284-6b70bf737fe6,,3
5051140152895,Tesco Lime Juice,250ml,Tesco,GB,Tesco PLC,GB,https://wastebase.org/#/o/9564612d-8467-47d1-b730-d07b25946cc6,,1
6009616040558,Double Cream Plain Yoghurt,1.0 L,Nutriday,FR,Danone S.A.,MZ,https://wastebase.org/#/o/833c3669-9353-4c41-9948-a1d8cfeec1b6,,3
6009644547982,Apple and Malt Flavoured,300 ml,Malt drink,TZ,Tanzania Breweries Limited,TZ,https://wastebase.org/#/o/2a607fcc-0b37-4cc2-8818-7898608b31fd,,2
6920583012570,White Board Cleaner,250 ml,Flamingo,ZM,Acacia Food and Beverages Ltd,TZ,https://wastebase.org/#/o/de81ec8b-41a9-493a-9345-ca1cc44a0e80,,1
6001374082245,INSTANT Hand Sanitiser,100 ml,Clere,UK,UNKNOWN_ORG,MZ,https://wastebase.org/#/o/00000000-0000-0000-0000-000000000001,,1
6203011060474,Mango Fruit Juice Drink,1.0l,Azam,TZ,BAKHRESA GROUP DIVISIONS,TZ,https://wastebase.org/#/o/0c76efb4-4008-4677-aba1-e10a6e3ef026,,28
6009690380038,Oasis Water,500 ml,Oasis (ZA),ZA,Oasis Water (Pty) Ltd,MZ,https://wastebase.org/#/o/661ea473-75c8-4ed6-a795-bba6fbaf3483,,1
5760466976329,Starbucks Frappuccino,250ml,Starbucks,UK,UNKNOWN_ORG,GB,https://wastebase.org/#/o/00000000-0000-0000-0000-000000000001,,1
4779040221091,Healthy Juice,500ml,Aleo,LT,Mega Baltic JSC,ZM,https://wastebase.org/#/o/ae9e219d-c99f-4bd2-8552-d961bc0e8cd1,,2
6164001199010,Fresh Oxy Rich Water,1.0 L,Safari King,KE,Bounty Ltd,KE,https://wastebase.org/#/o/dbd2b200-e57c-423d-8e7a-a2493af75b88,,4
6009633160154,Agua Mineral,1.5 L,Montemor,MZ,Montemor SARL,MZ,https://wastebase.org/#/o/7e3e82c9-dcc1-4eb6-8ff6-be01c2481dc4,20.000,59
6001065601069,Dairy Milk Chocolate,80 g,Cadbury,US,"Mondelēz International, Inc.",KE,https://wastebase.org/#/o/ed1ea69c-519a-43c6-8bfa-72d34c987d5d,,3
6009880106011,Izy Laranja,340 ml,Izy,MZ,Moz Beverages Lda,MZ,https://wastebase.org/#/o/f66aacf8-5f3f-4a41-8240-376962c3aaff,,15
6203003350545,Orange Dairy Blend Concentrate,400ml,Sayona,TZ,Motisun Group,TZ,https://wastebase.org/#/o/d085a391-c4b0-4605-843a-28788c216c4e,,44
5054267009349,Orange Sport Drink,500 ml,Lucozade,JP,Suntory Holdings Limited,GB,https://wastebase.org/#/o/e072cc5d-03b1-4573-bde7-abe1bfbd668c,,3
8995899250310,boncabe,500ml,Boncabe Original,UK,UNKNOWN_ORG,TZ,https://wastebase.org/#/o/00000000-0000-0000-0000-000000000001,,1
5449000284044,Delight Mango Flavoured Drink,400 ml,Minute Maid,US,Coca-Cola,TZ,https://wastebase.org/#/o/c3710738-2999-4396-a284-6b70bf737fe6,,21
5601312090595,Equilibrio Multifruits Juice,1.0 L,Continente,PT,"MODELO CONTINENTE HIPERMERCADOS, S.A.",MZ,https://wastebase.org/#/o/754c219b-ba38-453c-8616-08b9c55ab10e,,1
5060042350032,Spring Water,500 ml,Harrogate,GB,Harrogate Spring Water Ltd,GB,https://wastebase.org/#/o/17d384e0-61dd-4340-830b-ec92948c4c10,,16
6009832820521,Aquaplus Mineral Water,6.0 L,Aquaplus,MZ,Mopani Internacional Lda,MZ,https://wastebase.org/#/o/a34f6bbf-55f1-46c7-82db-d13b2a8d65b8,,578
5026109000531,Radnor Hills Water,500 ml,Radnor,UK,UNKNOWN_ORG,GB,https://wastebase.org/#/o/00000000-0000-0000-0000-000000000001,,1
5449000196903,Bitter lemon,1.25 L,Krest,US,Coca-Cola,KE,https://wastebase.org/#/o/c3710738-2999-4396-a284-6b70bf737fe6,,2
5010438001130,Carbonated Soft Drink,500 ml,Vimto,GB,Nichols plc,GB,https://wastebase.org/#/o/85022289-591b-4e34-907f-4c54a87c522f,,1
42380696,Fanta Orange,280ml,Fanta,US,Coca-Cola,MZ,https://wastebase.org/#/o/c3710738-2999-4396-a284-6b70bf737fe6,20.500,346
6203013770029,Mineral water,1.5 L,Hill Water,TZ,Hill Group,TZ,https://wastebase.org/#/o/bd4f2b11-425f-4423-a549-89741c8c5318,,3
5000112649864,Coke Zero,500 ml,Coca-Cola,US,Coca-Cola,GB,https://wastebase.org/#/o/c3710738-2999-4396-a284-6b70bf737fe6,,1
6009832820170,Energy Drink,350 ml,Fizz,MZ,Mopani Internacional Lda,TZ,https://wastebase.org/#/o/a34f6bbf-55f1-46c7-82db-d13b2a8d65b8,21.500,1
0792382500710,Taste the Purity Water,1.0 L,Madini,UK,UNKNOWN_ORG,KE,https://wastebase.org/#/o/00000000-0000-0000-0000-000000000001,,1
5010459005179,Sparkling Spring Water,500 ml,Highland Spring,GB,HIGHLAND SPRING LIMITED,GB,https://wastebase.org/#/o/745bf45b-c66b-4c6b-8b6e-5725b33de313,,1
6001324011172,Orange Squash,2.0 L,Oros,UK,UNKNOWN_ORG,MZ,https://wastebase.org/#/o/00000000-0000-0000-0000-000000000001,,1
6009661170347,Fiesta,2.0 L,Fiesta,MZ,Fiesta Moçambique Lda.,MZ,https://wastebase.org/#/o/3ff05ee7-f22a-410f-9f5c-3e6ce3c8a8c8,,2
0792382471089,Drinking Water,1.0 L,Brook Fresh,IN,KUNNUMPURATHU GROUP OF BUSINESS PRIVATE LIMITED,KE,https://wastebase.org/#/o/622073c4-2822-4cdc-9a1e-b831fa805141,,5
1413112418431,Flash Fresh Scent with Bleach,500 ml,Flash,US,THE PROCTER & GAMBLE COMPANY,GB,https://wastebase.org/#/o/b5390f65-0892-448b-8fe6-dc103cf4174c,,2
6001021021023,Iodated Table Salt,500g,Cerebos,ZA,The Bud Group,MZ,https://wastebase.org/#/o/35e95de5-c909-47fd-9974-4768ac8a8cc9,,5
54491472,Coke,500ml,Coca-Cola,US,Coca-Cola,KE,https://wastebase.org/#/o/c3710738-2999-4396-a284-6b70bf737fe6,,1
6009661170354,Ananas/Pineapple Carbonated Soft Drink,500ml,Fiesta,MZ,Fiesta Moçambique Lda.,MZ,https://wastebase.org/#/o/3ff05ee7-f22a-410f-9f5c-3e6ce3c8a8c8,26.000,1193
6009802229019,Agua Natural,500ml,Fonte da Vida,MZ,Fonte da Vida Lda,MZ,https://wastebase.org/#/o/ed2e5d1f-2782-4291-9b11-cfa9f3548928,,23
6009661170118,Agua Purificada,1.5 L,Vitale,FR,Groupe Castel,MZ,https://wastebase.org/#/o/7513edeb-3054-4478-86b1-7fe375abb7f0,,3
87303322,Drinking Water,500 ml,Dasani,US,Coca-Cola,TZ,https://wastebase.org/#/o/c3710738-2999-4396-a284-6b70bf737fe6,,21
6009818350257,Coco Pine Soft Drink,2.0 L,Refreshhh,UK,UNKNOWN_ORG,MZ,https://wastebase.org/#/o/00000000-0000-0000-0000-000000000001,,1
6203003251118,Fruit drink,300 ml,Afya,TZ,Watercom (T) Ltd,TZ,https://wastebase.org/#/o/888420e1-1259-4c47-adfe-30740e9afa49,,10
6161100604063,Lemon fresh Cleaner,500g,Vim,UK,UNKNOWN_ORG,TZ,https://wastebase.org/#/o/00000000-0000-0000-0000-000000000001,,1
6001760005490,Premium Lager,330 ml,Windhoek,NA,Ohlthaver & List Group of Companies,TZ,https://wastebase.org/#/o/a3ed268c-9aaa-4686-b674-9970dfbd17ef,,6
6007575000606,Low Fat Cream Soda Yoghurt Drink,500 ml,Lowveld Favourites,ZA,Lowveld Favourites,MZ,https://wastebase.org/#/o/2bc198e3-f2bc-48cf-8b84-e7ddfa38ac3e,,2
7798065730033,Agua Mineral Natural de las Sierras,2.0 L,Sierra de los Padres,AR,Nutreco Alimentos S.A,TZ,https://wastebase.org/#/o/5930d3b7-8ded-4ce8-bfa3-34dc4b38a835,,1
6161104401842,Premium Drinking Water,1.5 L,Quencher,KE,Excel Chemicals Limited,KE,https://wastebase.org/#/o/57800e41-056c-4975-bb11-e35ac977d883,,2
5449000010070,Fanta Grape,2.0 L,Fanta,US,Coca-Cola,MZ,https://wastebase.org/#/o/c3710738-2999-4396-a284-6b70bf737fe6,49.000,61
6203013230011,Best drinking water,500 ml,Drop of Zanzibar,TZ,Drop of Zanzibar Limited,TZ,https://wastebase.org/#/o/0a6a8128-4fa6-4533-8d5b-f648309258e7,,1
5449000251541,Lemon-Lime Flavoured,500 ml,Sprite,US,Coca-Cola,KE,https://wastebase.org/#/o/c3710738-2999-4396-a284-6b70bf737fe6,,1
0412008130274,Sparletta,1.0 L,Sparletta,US,Coca-Cola,MZ,https://wastebase.org/#/o/c3710738-2999-4396-a284-6b70bf737fe6,,34
4779040221060,Healthy Juice,1.5L,Aleo,LT,Mega Baltic JSC,ZM,https://wastebase.org/#/o/ae9e219d-c99f-4bd2-8552-d961bc0e8cd1,,1
050428451823,italian seasoning,21g,gold emblem,UK,UNKNOWN_ORG,TZ,https://wastebase.org/#/o/00000000-0000-0000-0000-000000000001,,1
6009652782962,Frooty,350 ml,Californian,ZM,Californian Beverages Limited,ZM,https://wastebase.org/#/o/91564c9d-940c-41ac-9f16-a3ab73961b2a,,9
6009644993772,Maize Drink,500ml,Chibwantu,ZM,Trade Kings Group,ZM,https://wastebase.org/#/o/cb94d9c2-2f62-4ad8-ad86-a189701b370c,,10
6164002465015,Drinking Water,1.0 L,Karigen,KE,Tesouros,KE,https://wastebase.org/#/o/ed9a8c45-6cdf-4d2c-b14b-73f8cd28578c,,5
6009879713091,Frozy,2.0 L,Frozy,MZ,Yaafico Industrial Lda,MZ,https://wastebase.org/#/o/4d807269-db16-4aaf-a454-934634c8c319,,91
6001565023842,Pure Cooking Oil,5.0 L,Somol,UK,UNKNOWN_ORG,MZ,https://wastebase.org/#/o/00000000-0000-0000-0000-000000000001,,11
5024616003014,Still Natural Mineral Water,330 ml,Princes Gate,UK,UNKNOWN_ORG,GB,https://wastebase.org/#/o/00000000-0000-0000-0000-000000000001,,2
6203003260011,Drinking Water,500 ml,Afya,TZ,Watercom (T) Ltd,TZ,https://wastebase.org/#/o/888420e1-1259-4c47-adfe-30740e9afa49,,13
0781718777377,Kargasok Safi,300ml,Appolo Wine Limited,UK,UNKNOWN_ORG,ZM,https://wastebase.org/#/o/00000000-0000-0000-0000-000000000001,,2
6203008190504,Pure Drinking Water,500 ml,Uhuru Peak,UK,UNKNOWN_ORG,TZ,https://wastebase.org/#/o/00000000-0000-0000-0000-000000000001,,19
6181100535990,Belair,150 ml,Dream Cosmetics,CI,Dream Cosmetics,MZ,https://wastebase.org/#/o/cc2d91e4-f260-4608-a064-d9a39701bdd5,,11
6203001630045,U-Fresh Pineapple Flovoured Drink,180ml,U-Fresh,TZ,U Fresh Juice,TZ,https://wastebase.org/#/o/bd8a2a33-ee1e-4c6b-8242-5c6a14529139,,1
5033022002269,Still Spring Water,500ml,Ice Valley,UK,UNKNOWN_ORG,GB,https://wastebase.org/#/o/00000000-0000-0000-0000-000000000001,,4
5449000004840,Fanta Orange,2.0 L,Fanta,US,Coca-Cola,MZ,https://wastebase.org/#/o/c3710738-2999-4396-a284-6b70bf737fe6,49.000,289
5000128372350,Fresh Whole Milk,568 ml,Co-op,GB,CO-OPERATIVE GROUP LIMITED,GB,https://wastebase.org/#/o/9fca3aa4-e021-4b06-acff-6b8ebf36dd38,,1
5018907194802,Mineral Water,1.0 L,Keringet,US,Coca-Cola,KE,https://wastebase.org/#/o/c3710738-2999-4396-a284-6b70bf737fe6,,1
6161117770560,Mango Fruit Drink,1.5 L,Jooz,UK,UNKNOWN_ORG,KE,https://wastebase.org/#/o/00000000-0000-0000-0000-000000000001,,1
5000382039846,Cola drink,500 ml,Barrs,UK,UNKNOWN_ORG,GB,https://wastebase.org/#/o/00000000-0000-0000-0000-000000000001,,1
6009900076737,Frozy,350 ml,Frozy,MZ,Yaafico Industrial Lda,MZ,https://wastebase.org/#/o/4d807269-db16-4aaf-a454-934634c8c319,,59
6203004570201,Fortified Wine,200ml,Super Burudani,TZ,HAKIKA BREWERIES LIMITED,TZ,https://wastebase.org/#/o/6239068b-f169-454d-aad3-04bf8e298022,,80
6001565009037,Pure Cooking Oil,2000ml,d'lite,ZM,Trade Kings Group,ZM,https://wastebase.org/#/o/cb94d9c2-2f62-4ad8-ad86-a189701b370c,,1
6201101020087,Premium Pure Drinking Water,600 ml,Dew Drop,TZ,Dew Drop Drinks Co.Ltd,TZ,https://wastebase.org/#/o/b122e0c5-b565-4c7f-98c9-c7456ac735e6,,26
0781159624544,Água purificada,6.5L,Vitale,FR,Groupe Castel,MZ,https://wastebase.org/#/o/7513edeb-3054-4478-86b1-7fe375abb7f0,,58
6009801423050,Mineral Water,750ml,Aquasavana,US,Coca-Cola,ZM,https://wastebase.org/#/o/c3710738-2999-4396-a284-6b70bf737fe6,10.000,13
5000128652797,Sparkling Natural Mineral Water,500 ml,Co-op,GB,CO-OPERATIVE GROUP LIMITED,GB,https://wastebase.org/#/o/9fca3aa4-e021-4b06-acff-6b8ebf36dd38,,1
5010459003496,Still Spring Water,330 ml,Highland Spring,GB,HIGHLAND SPRING LIMITED,GB,https://wastebase.org/#/o/745bf45b-c66b-4c6b-8b6e-5725b33de313,,2
5000167022667,Moisturising Lotion,500 ml,E45,UK,UNKNOWN_ORG,GB,https://wastebase.org/#/o/00000000-0000-0000-0000-000000000001,,1
4060800304957,Lipton Lemon Ice Tea,500 ml,Lipton,GB,Unilever Plc,GB,https://wastebase.org/#/o/909d4d9f-4537-4a18-bb1b-cf8f3c8304bc,,1
6161107471279,Purified Drinking Water,1.5 L,Naivas,KE,Naivas Supermarket Limited,KE,https://wastebase.org/#/o/5f64a0b3-730a-4731-8e0d-b28741ce287c,,1
6203012300074,Pineapple Flavoured Carbonated Soft Drink,400 ml,Mo,TZ,METL Group,TZ,https://wastebase.org/#/o/ead953e7-a526-4ced-970d-f403daaf9c7a,,47
6009879713107,Frozy,2.0 L,Frozy,MZ,Yaafico Industrial Lda,MZ,https://wastebase.org/#/o/4d807269-db16-4aaf-a454-934634c8c319,,59
5000128626170,Tomato Ketchup,470 g,Co-op,GB,CO-OPERATIVE GROUP LIMITED,GB,https://wastebase.org/#/o/9fca3aa4-e021-4b06-acff-6b8ebf36dd38,,1
6002004001360,Mayo Vanilla Fudge Dairy Snack,250 g,Danone,FR,Danone S.A.,MZ,https://wastebase.org/#/o/833c3669-9353-4c41-9948-a1d8cfeec1b6,,3
6009646580864,Oleo Puro,5.0 L,Sunseed,ZA,Sealake Industries,MZ,https://wastebase.org/#/o/85d3ef50-825a-4c03-8f4b-588794b4d6ec,,12
6161100700024,Purified Drinking Water,1.0 L,Kabazi,KE,CARTUBOX INDUSTRIES (E A) LTD,KE,https://wastebase.org/#/o/737460e9-1431-4b27-9ee0-5b991139623a,,1
5010438017490,"Orange, Strawberry & Lime Juice Drink",500 ml,Vimto,GB,Nichols plc,GB,https://wastebase.org/#/o/85022289-591b-4e34-907f-4c54a87c522f,,1
6203005570361,Valeur Superior Brandy,200ml,Valeur,BE,Anheuser-Busch InBev,TZ,https://wastebase.org/#/o/3c5a74ee-5738-453a-8bf6-e5a95674c168,,5
6203011061716,Ukwaju Tamarind Juice Drink,500 ml,Azam,TZ,BAKHRESA GROUP DIVISIONS,TZ,https://wastebase.org/#/o/0c76efb4-4008-4677-aba1-e10a6e3ef026,,46
6009832820507,Mineral Water,600 ml,Aquaplus,MZ,Mopani Internacional Lda,KE,https://wastebase.org/#/o/a34f6bbf-55f1-46c7-82db-d13b2a8d65b8,25.000,1
5449000274359,"Nutridefenses,nectar tropical",1.0 L,Minute Maid,US,Coca-Cola,KE,https://wastebase.org/#/o/c3710738-2999-4396-a284-6b70bf737fe6,,1
54490857,Soda Water,500 ml,Krest,US,Coca-Cola,TZ,https://wastebase.org/#/o/c3710738-2999-4396-a284-6b70bf737fe6,,2
6009660903724,sparkling ginger flavoured drink,200ml,Fitch and Leedes GINGER ALE,UK,UNKNOWN_ORG,TZ,https://wastebase.org/#/o/00000000-0000-0000-0000-000000000001,,7
2020558253855,Spar Lemonade,330ml,Spar,ZA,The Spar Group Ltd,GB,https://wastebase.org/#/o/81df74c6-4116-41c9-b96f-0b4943e6411d,,1
5449000000996,Coca Cola Cans 330ml Pk24 A00768,0.33L,Coca-Cola,US,Coca-Cola,MZ,https://wastebase.org/#/o/c3710738-2999-4396-a284-6b70bf737fe6,,277
60016973,Essence Caramel Flavour,40 ml,Robertsons,GB,Unilever Plc,MZ,https://wastebase.org/#/o/909d4d9f-4537-4a18-bb1b-cf8f3c8304bc,,1
6161100913394,Chicken Masala Spice Seasoning,100 g,Tropical Heat,KE,Tropical Heat Limited,TZ,https://wastebase.org/#/o/e1fef203-f71c-478d-b623-1d81735676c0,,1
6009707171482,Sorvete Baunilha,1.0 L,Oohlala,UK,UNKNOWN_ORG,MZ,https://wastebase.org/#/o/00000000-0000-0000-0000-000000000001,,1
42117131,Coca-Cola,330 ml,Coca-Cola,US,Coca-Cola,MZ,https://wastebase.org/#/o/c3710738-2999-4396-a284-6b70bf737fe6,,14
6203016120104,Plain Yoghurt,150 g,Asas Diaries,TZ,Asas Group of companies,TZ,https://wastebase.org/#/o/e3dbf1db-9914-45d9-8efe-509a6ecefffa,,1
6001108028044,Savanna,330ml,Savanna,ZA,Savannah Cider,TZ,https://wastebase.org/#/o/14fc773c-8cd7-42e6-8856-007f34830ce2,,19
5449000028938,Orange Flavored Drink,1.25 L,Fanta,US,Coca-Cola,TZ,https://wastebase.org/#/o/c3710738-2999-4396-a284-6b70bf737fe6,,1
90418013,Novida,350ml,Schweppes,US,Coca-Cola,KE,https://wastebase.org/#/o/c3710738-2999-4396-a284-6b70bf737fe6,,4
6203009160025,Potable cane spirit,200 ml,Double Kick,TZ,Kibo Breweries Ltd,TZ,https://wastebase.org/#/o/f8fb0594-8883-434f-92ae-e2efddd5f4f4,,29
6161105381112,Purified Drinking Water,1.5 L,Aquaclear,US,"Pepsico, Inc",KE,https://wastebase.org/#/o/fa6fbb15-8b61-4e1d-867f-db43d9d31fd3,,1
6203011061853,Embe Flavoured Drink,400 ml,Minute Maid,US,Coca-Cola,TZ,https://wastebase.org/#/o/c3710738-2999-4396-a284-6b70bf737fe6,,20
781159921148,Mango Carbonated Soft Drink,500 ml,Fiesta,MZ,Fiesta Moçambique Lda.,MZ,https://wastebase.org/#/o/3ff05ee7-f22a-410f-9f5c-3e6ce3c8a8c8,,34
5603674002797,Air Freshener Lemon-Lime,250 ml,ACTY,PT,Mistolin Company,MZ,https://wastebase.org/#/o/d54cec79-4126-4214-9111-e54ff2fdfbb5,,1
6203012300043,Passion Flavour Carbonated Drink,400 ml,Mo,TZ,METL Group,TZ,https://wastebase.org/#/o/ead953e7-a526-4ced-970d-f403daaf9c7a,,31
5000177466550,Isotonic Tropical & Berry Drink,500 ml,Emerge,GB,Refresco Drinks UK,GB,https://wastebase.org/#/o/9be24a87-7dd5-4461-9236-30b36a754a7e,,1
6009709824348,Mineral Water,500ml,Vatra,ZM,Trade Kings Group,ZM,https://wastebase.org/#/o/cb94d9c2-2f62-4ad8-ad86-a189701b370c,,3
5203615820130,Xtra Berry Flavoured Carbonated Soft Drink,400ml,Mo,TZ,METL Group,TZ,https://wastebase.org/#/o/ead953e7-a526-4ced-970d-f403daaf9c7a,,20
6161104401835,Premium drinking water,1.0 L,Quencher,KE,Excel Chemicals Limited,KE,https://wastebase.org/#/o/57800e41-056c-4975-bb11-e35ac977d883,,4
0610696090768,Vimto Gasificado,350 ml,Vimto,GB,Nichols plc,MZ,https://wastebase.org/#/o/85022289-591b-4e34-907f-4c54a87c522f,,14
621033997503,Água Crystalina,1.5 l,Crystalina,MZ,"SK Industries, Lda",MZ,https://wastebase.org/#/o/9e459dd2-e6f5-4f5c-a59a-4b5e7f11d350,,17
6009709823525,Juice Drink,430ml,Fruiticana,ZM,Trade Kings Group,ZM,https://wastebase.org/#/o/cb94d9c2-2f62-4ad8-ad86-a189701b370c,,10
6161100720268,Oxyrich Mineral Water,1.0 L,Aquamist,KE,Menengai Oil Refineries Ltd.,KE,https://wastebase.org/#/o/d409e0b9-198f-4a18-b980-9e49f204264c,,2
0284613110015,Hill Water,1.0 L,Hill Water,TZ,Hill Group,TZ,https://wastebase.org/#/o/bd4f2b11-425f-4423-a549-89741c8c5318,,7
5000128767941,Organic Fresh Whole Milk,1.136 L,Co-op,GB,CO-OPERATIVE GROUP LIMITED,GB,https://wastebase.org/#/o/9fca3aa4-e021-4b06-acff-6b8ebf36dd38,,2
6203017590364,Hand Care Liquid Soap,500ml,Bio-D,UK,UNKNOWN_ORG,TZ,https://wastebase.org/#/o/00000000-0000-0000-0000-000000000001,,2
6203003250807,plain yoghurt,500ml,Milk Com,UK,UNKNOWN_ORG,TZ,https://wastebase.org/#/o/00000000-0000-0000-0000-000000000001,,1
6009802341971,Agua Purificada,6.0 L,Fonte Pura,MZ,Refrigerantes Spar Lda,MZ,https://wastebase.org/#/o/3f827fa3-1a74-4313-a7e1-f9628b6e745e,,61
90377884,Orange,350ml,Fanta,US,Coca-Cola,KE,https://wastebase.org/#/o/c3710738-2999-4396-a284-6b70bf737fe6,,5
6009644549320,Energy drink,300ml,Azam,TZ,BAKHRESA GROUP DIVISIONS,TZ,https://wastebase.org/#/o/0c76efb4-4008-4677-aba1-e10a6e3ef026,,78
6009633160055,Água Montemor,500 ml,Montemor,MZ,Montemor SARL,MZ,https://wastebase.org/#/o/7e3e82c9-dcc1-4eb6-8ff6-be01c2481dc4,,43
6009816450003,TANGY,350ml,Tangy Drinks Limited,UK,UNKNOWN_ORG,ZM,https://wastebase.org/#/o/00000000-0000-0000-0000-000000000001,,3
7994390540594,Água Purificada,500ml,Aqua Azul,UK,UNKNOWN_ORG,MZ,https://wastebase.org/#/o/00000000-0000-0000-0000-000000000001,,5
6291103084132,CREAM SODA,345ml,NINJA,UK,UNKNOWN_ORG,ZM,https://wastebase.org/#/o/00000000-0000-0000-0000-000000000001,,2
6009510806861,Cola,2.0 L,Pepsi,US,"Pepsico, Inc",MZ,https://wastebase.org/#/o/fa6fbb15-8b61-4e1d-867f-db43d9d31fd3,,1
5413149980761,Original Dishwashing Liquid,433 ml,Fairy,US,THE PROCTER & GAMBLE COMPANY,GB,https://wastebase.org/#/o/b5390f65-0892-448b-8fe6-dc103cf4174c,,1
6009880106073,Cream Soda,340 ml,Izy,MZ,Moz Beverages Lda,MZ,https://wastebase.org/#/o/f66aacf8-5f3f-4a41-8240-376962c3aaff,,14
42380573,Minute Maid Orange,280ml,Minute Maid,US,Coca-Cola,MZ,https://wastebase.org/#/o/c3710738-2999-4396-a284-6b70bf737fe6,20.500,14
6203013770012,Pure Drinking Water,1.0 L,Hill Water,TZ,Hill Group,TZ,https://wastebase.org/#/o/bd4f2b11-425f-4423-a549-89741c8c5318,,108
6166000111215,Purified Drinking Water,500 ml,Nasida,UK,UNKNOWN_ORG,KE,https://wastebase.org/#/o/00000000-0000-0000-0000-000000000001,,1
0076280045314,Calcium and Magnesium,1.600ml,Solaray Dietary supplement,UK,UNKNOWN_ORG,TZ,https://wastebase.org/#/o/00000000-0000-0000-0000-000000000001,,1
4060800305091,Pepsi Max,500 ml,Pepsi,US,"Pepsico, Inc",GB,https://wastebase.org/#/o/fa6fbb15-8b61-4e1d-867f-db43d9d31fd3,,2
6009880106035,IZY Lemon Dew,340ml,Izy,MZ,Moz Beverages Lda,MZ,https://wastebase.org/#/o/f66aacf8-5f3f-4a41-8240-376962c3aaff,21.000,115
5449000131836,Diet Coke,500 ml,Coca-Cola,US,Coca-Cola,ZM,https://wastebase.org/#/o/c3710738-2999-4396-a284-6b70bf737fe6,,2
5449000230089,Fanta Grape,500 ml,Fanta,US,Coca-Cola,ZM,https://wastebase.org/#/o/c3710738-2999-4396-a284-6b70bf737fe6,,2
5054267009417,Energy Drink Original,380 ml,Lucozade,JP,Suntory Holdings Limited,GB,https://wastebase.org/#/o/e072cc5d-03b1-4573-bde7-abe1bfbd668c,,2
42381105,Coke Zero,280 ml,Coca-Cola,US,Coca-Cola,MZ,https://wastebase.org/#/o/c3710738-2999-4396-a284-6b70bf737fe6,20.500,1187
90377235,Fanta Orange Flavoured Drink,300 ml,Fanta,US,Coca-Cola,TZ,https://wastebase.org/#/o/c3710738-2999-4396-a284-6b70bf737fe6,,2
6001240100660,Medley of Fruits Juice,1 L,Ceres,ZA,Pioneer Foods (Pty),MZ,https://wastebase.org/#/o/7aeb1e28-56bf-4b5b-8252-d8e7b18e5921,,1
21026034,Still Natural Mineral Water,2.0 L,Asda,UK,UNKNOWN_ORG,GB,https://wastebase.org/#/o/00000000-0000-0000-0000-000000000001,,1
6164004075076,Lemon Lime Carbonated Soft Drink,300ml,Brava,KE,Brava Food Industries Ltd,KE,https://wastebase.org/#/o/f8b32bd2-4603-41cf-ab8d-361a91315876,,1
5391518270241,Protective sun lotion,60 ml,Banana Boat,US,Edgewell Personal Care,GB,https://wastebase.org/#/o/10a4cb3c-80ff-41e4-8d9f-7b28e6af2d0d,,20
5449000028976,Lemon-lime Flavoured Drink,1.25 L,Sprite,US,Coca-Cola,TZ,https://wastebase.org/#/o/c3710738-2999-4396-a284-6b70bf737fe6,,1
6009670370523,Agua Mineral Natural,500 ml,Fonte Fresca,MZ,Sociedade de Águas de Moçambique,MZ,https://wastebase.org/#/o/90c9868b-d408-490e-b3ec-15d784b5947c,,15
6009832820576,Água mineral,1.75L,Aquaplus,MZ,Mopani Internacional Lda,MZ,https://wastebase.org/#/o/a34f6bbf-55f1-46c7-82db-d13b2a8d65b8,,138
6203013770005,Mineral Water,500 ml,Hill Water,TZ,Hill Group,TZ,https://wastebase.org/#/o/bd4f2b11-425f-4423-a549-89741c8c5318,,13
6009900076744,Orange Drink,350 ml,Frozy,MZ,Yaafico Industrial Lda,MZ,https://wastebase.org/#/o/4d807269-db16-4aaf-a454-934634c8c319,,7
90490279,Delight Mango,400 ml,Minute Maid,US,Coca-Cola,KE,https://wastebase.org/#/o/c3710738-2999-4396-a284-6b70bf737fe6,,1
5705994075090,Oleo Refinado De Soja,2.0 L,Maeva,MZ,Maeva,MZ,https://wastebase.org/#/o/4a879ee8-03cf-4482-a0a9-0677b3343188,,71
6009644991389,Bleach,750ml,Boom Force,ZM,Trade Kings Group,ZM,https://wastebase.org/#/o/cb94d9c2-2f62-4ad8-ad86-a189701b370c,,1
6009832820156,Mineral Water,1.5 L,Aquaplus,MZ,Mopani Internacional Lda,MZ,https://wastebase.org/#/o/a34f6bbf-55f1-46c7-82db-d13b2a8d65b8,,12
6930773400353,Gelinho Abacaxí,100 ml,Super,UK,UNKNOWN_ORG,MZ,https://wastebase.org/#/o/00000000-0000-0000-0000-000000000001,,2
6009706160494,Pure Cooking Oil,750ml,Zamgold,ZW,Parrogate,ZM,https://wastebase.org/#/o/177c63d5-139e-4dc7-9d29-e0544c99ba26,,3
6005118001943,Apple & Cranberry,1L,Rhodes Quality,ZA,Rhodes Food Group Holdings Ltd,MZ,https://wastebase.org/#/o/0c371df1-a248-4f3e-85a0-62a9aa50644f,,1
6009644921003,YESS,500ml,Acacia Food & Beverages Ltd,ZM,Acacia Food and Beverages Ltd,ZM,https://wastebase.org/#/o/de81ec8b-41a9-493a-9345-ca1cc44a0e80,,3
5704947001148,Wood Glue,336 ml,Gorilla,UK,UNKNOWN_ORG,GB,https://wastebase.org/#/o/00000000-0000-0000-0000-000000000001,,1
5449000131836,Diet Coke,500 ml,Coca-Cola,US,Coca-Cola,GB,https://wastebase.org/#/o/c3710738-2999-4396-a284-6b70bf737fe6,,3
6203003250524,Afiya Berries Flavour,400ml,Afya,TZ,Watercom (T) Ltd,TZ,https://wastebase.org/#/o/888420e1-1259-4c47-adfe-30740e9afa49,,20
8714789898759,Shower Gel Dry Skin,500 ml,Sanex,UK,UNKNOWN_ORG,MZ,https://wastebase.org/#/o/00000000-0000-0000-0000-000000000001,,1
6201100062019,Castle Lite,330ml,Castle Lite,BE,Anheuser-Busch InBev,TZ,https://wastebase.org/#/o/3c5a74ee-5738-453a-8bf6-e5a95674c168,,1
90399480,Delight tropical,400 ml,Minute Maid,US,Coca-Cola,KE,https://wastebase.org/#/o/c3710738-2999-4396-a284-6b70bf737fe6,,1
3068320014067,Natural Mineral Water,750 ml,Evian,UK,UNKNOWN_ORG,GB,https://wastebase.org/#/o/00000000-0000-0000-0000-000000000001,,3
6009670370509,Mineral Water,5.0 L,Fonte Fresca,MZ,Sociedade de Águas de Moçambique,MZ,https://wastebase.org/#/o/90c9868b-d408-490e-b3ec-15d784b5947c,,221
5449000120984,Fanta Orange Zero,2.0 L,Fanta,US,Coca-Cola,MZ,https://wastebase.org/#/o/c3710738-2999-4396-a284-6b70bf737fe6,,111
6009644995806,Mojo Orange,330ml,Bigtree,ZM,Trade Kings Group,ZM,https://wastebase.org/#/o/cb94d9c2-2f62-4ad8-ad86-a189701b370c,,1
6203003350743,Tunda Mix,300ml,Sayona,TZ,Motisun Group,TZ,https://wastebase.org/#/o/d085a391-c4b0-4605-843a-28788c216c4e,,8
6001051002023,Oil In Lotion,400ml,NIVEA,DE,Beiersdorf AG,ZM,https://wastebase.org/#/o/c03f3db6-9425-4fae-a809-20ae281ff84f,,1
813974024237,Hand Gel,100 ml,Halo,UK,UNKNOWN_ORG,GB,https://wastebase.org/#/o/00000000-0000-0000-0000-000000000001,,1
6009880106097,Litchi Drink,340 ml,Izy,MZ,Moz Beverages Lda,MZ,https://wastebase.org/#/o/f66aacf8-5f3f-4a41-8240-376962c3aaff,,29
6009681261209,Mirinda Grape Soft Drink,600 ml,Mirinda,US,"Pepsico, Inc",ZM,https://wastebase.org/#/o/fa6fbb15-8b61-4e1d-867f-db43d9d31fd3,,7
0792382497843,Purified Drinking Water,1.0 L,Pure Life,UK,UNKNOWN_ORG,KE,https://wastebase.org/#/o/00000000-0000-0000-0000-000000000001,,2
781159921186,Energy Drink,500 ml,Fiesta,MZ,Fiesta Moçambique Lda.,MZ,https://wastebase.org/#/o/3ff05ee7-f22a-410f-9f5c-3e6ce3c8a8c8,,2
2089616370071,Agua Mineral,5.0 L,Água de Namaacha,MZ,Sociedade de Águas de Moçambique,MZ,https://wastebase.org/#/o/90c9868b-d408-490e-b3ec-15d784b5947c,110.000,517
6203011061327,Embe Fruit juice,500ml,Azam,TZ,BAKHRESA GROUP DIVISIONS,TZ,https://wastebase.org/#/o/0c76efb4-4008-4677-aba1-e10a6e3ef026,,4
6009801332055,Turpentine,5.0 L,B&R,ZA,B & R Products (Pty) Ltd.,MZ,https://wastebase.org/#/o/b8379625-5917-4fe5-87ad-b823a361bdb6,,1
6203012300548,Xtra Carbonated Drink,400 ml,Mo,TZ,METL Group,TZ,https://wastebase.org/#/o/ead953e7-a526-4ced-970d-f403daaf9c7a,,92
0701698525027,Agua Mineral,1.5 L,Matisana,MZ,Matisana Lda,MZ,https://wastebase.org/#/o/1618770c-6516-4b16-af98-4928dd725cf5,,26
6009880106066,Cola,340 ml,Izy,MZ,Moz Beverages Lda,MZ,https://wastebase.org/#/o/f66aacf8-5f3f-4a41-8240-376962c3aaff,21.000,164
6009661170125,Agua Purificada,500 ml,Vitale,FR,Groupe Castel,MZ,https://wastebase.org/#/o/7513edeb-3054-4478-86b1-7fe375abb7f0,,5
6009660040214,Pure Drinking Water,1.5 L,Zan Aqua,TZ,Zainab Bottlers Company limited,KE,https://wastebase.org/#/o/988c8307-c778-474b-ade6-c71ebbe358f1,,1
6009709826632,Mojo Energy Drink,330 ml,Bigtree,ZM,Trade Kings Group,ZM,https://wastebase.org/#/o/cb94d9c2-2f62-4ad8-ad86-a189701b370c,,27
6009644546763,Cola Carbonated Soft Drink,300 ml,Azam,TZ,BAKHRESA GROUP DIVISIONS,TZ,https://wastebase.org/#/o/0c76efb4-4008-4677-aba1-e10a6e3ef026,,36
6203003251033,Drinking water,600 ml,Afya,TZ,Watercom (T) Ltd,TZ,https://wastebase.org/#/o/888420e1-1259-4c47-adfe-30740e9afa49,,3
6203003250180,Afiya Orange Flavour,400 ml,Afya,TZ,Watercom (T) Ltd,TZ,https://wastebase.org/#/o/888420e1-1259-4c47-adfe-30740e9afa49,,3
6009661170330,Fiesta Limão,500 ml,Fiesta,MZ,Fiesta Moçambique Lda.,MZ,https://wastebase.org/#/o/3ff05ee7-f22a-410f-9f5c-3e6ce3c8a8c8,26.000,534
6009646581014,Vumba Mineral Water,500ml,Vumba,MZ,"Sociedade Águas Vumba, SA",MZ,https://wastebase.org/#/o/027e8655-81cd-44c9-b14e-b15181f61a8f,,760
6009175199995,Ground Coffeee Vanilla Flavoured,250g,Woolworths,ZA,Woolworths Holdings Ltd,MZ,https://wastebase.org/#/o/2f52aa15-7758-4286-ba2c-f683e92553a7,,1
54492691,Sprite,300 ml,Sprite,US,Coca-Cola,MZ,https://wastebase.org/#/o/c3710738-2999-4396-a284-6b70bf737fe6,,11
6001085061317,Multi Purpose Scourer Lemon Fresh,500 g,Vim,UK,UNKNOWN_ORG,MZ,https://wastebase.org/#/o/00000000-0000-0000-0000-000000000001,,1
817513015472,Nourishing conditioner,237ml,Cantu,US,PDC Brands,TZ,https://wastebase.org/#/o/4eafceed-b6f5-46a6-a2fb-3ecf4f447b70,,1
6009661170279,Morango Refresco,500 ml,Fiesta,MZ,Fiesta Moçambique Lda.,MZ,https://wastebase.org/#/o/3ff05ee7-f22a-410f-9f5c-3e6ce3c8a8c8,26.000,203
6203018120027,Drinking water,1.25 L,Canadian Drinking Water,TZ,Canada Pure Water Company Ltd,TZ,https://wastebase.org/#/o/6d0a1e6b-677e-4466-9db9-d4abd9fc8e40,,51
40822426,Bonaqua Mineral Water,500 ml,Bonaqua,US,Coca-Cola,MZ,https://wastebase.org/#/o/c3710738-2999-4396-a284-6b70bf737fe6,,352
00643764,Still Mountain Water from Scotland,500 ml,M&S Food,UK,UNKNOWN_ORG,GB,https://wastebase.org/#/o/00000000-0000-0000-0000-000000000001,,1
6161100700031,Purified Drinking Water,1.5l,Kabazi,KE,CARTUBOX INDUSTRIES (E A) LTD,KE,https://wastebase.org/#/o/737460e9-1431-4b27-9ee0-5b991139623a,,1
5038862133555,Citrus Shield Juice,750 ml,innocent,US,Coca-Cola,GB,https://wastebase.org/#/o/c3710738-2999-4396-a284-6b70bf737fe6,,1
6006414000630,vinegar,2.0 L,Top Brown,UK,UNKNOWN_ORG,MZ,https://wastebase.org/#/o/00000000-0000-0000-0000-000000000001,,1
90162602,Energy Drink,250 ml,Red Bull,AT,Red Bull GmbH,TZ,https://wastebase.org/#/o/bc9cc996-9c5b-455d-b385-4cb7d6461f93,,1
6203000036275,K-Vant Spirit,250 ml,K-Vant,TZ,Mega Beverages Company Co Ltd.,TZ,https://wastebase.org/#/o/adde1b3d-87b6-4c9a-9c45-c3fffb99da19,,22
6930773400308,Refresco Abacaxi,350 ml,Super,UK,UNKNOWN_ORG,MZ,https://wastebase.org/#/o/00000000-0000-0000-0000-000000000001,,27
5449000103079,Carbonated soft drink stoney Tangawizi/ ginger,500ml,Coca-Cola,US,Coca-Cola,TZ,https://wastebase.org/#/o/c3710738-2999-4396-a284-6b70bf737fe6,,2
0735850727455,Agua da Nascente,500 ml,Monte Gurue,IN,Asian Tea Group (Asian Tea Company Pvt Ltd),MZ,https://wastebase.org/#/o/63d6a425-df22-45c8-a816-60a0ecbe5779,,5
90370748,Novida Nanasi Flavoured,300ml,Schweppes,US,Coca-Cola,TZ,https://wastebase.org/#/o/c3710738-2999-4396-a284-6b70bf737fe6,,5
6008459000507,Mango,300ml,Afya,TZ,Watercom (T) Ltd,TZ,https://wastebase.org/#/o/888420e1-1259-4c47-adfe-30740e9afa49,,4
5060332524655,Cleanse and Polish,200ml,Liz Earle,GB,Liz Earle Beauty Co. Limited,GB,https://wastebase.org/#/o/23c82b4b-cea9-4d1d-bc69-255f14a33489,,1
781159624582,Açai,500 ml,Fiesta,MZ,Fiesta Moçambique Lda.,MZ,https://wastebase.org/#/o/3ff05ee7-f22a-410f-9f5c-3e6ce3c8a8c8,,6
6009644548361,Coffee,300ml,Malt drink,TZ,Tanzania Breweries Limited,TZ,https://wastebase.org/#/o/2a607fcc-0b37-4cc2-8818-7898608b31fd,,1
6009644921492,Fruity Milk,500ml,Super Shake,ZM,Trade Kings Group,ZM,https://wastebase.org/#/o/cb94d9c2-2f62-4ad8-ad86-a189701b370c,,4
6009644925575,Dish Washing Liquid,400ml,Boom Sparkle Plus,ZM,Trade Kings Group,ZM,https://wastebase.org/#/o/cb94d9c2-2f62-4ad8-ad86-a189701b370c,,1
6201100062026,Redd's,330ml,Redd's,BE,Anheuser-Busch InBev,TZ,https://wastebase.org/#/o/3c5a74ee-5738-453a-8bf6-e5a95674c168,,1
6009608440274,Mixed Fruit,500g,JAM,UK,UNKNOWN_ORG,ZM,https://wastebase.org/#/o/00000000-0000-0000-0000-000000000001,,1
6161100950047,acid,500 ml,Dettol,GB,Reckitt Benckiser Group PLC,TZ,https://wastebase.org/#/o/59e1b4f2-776f-4c60-8f22-a59a506ce7b6,,5
3057640100178,Natural Mineral Water,1.5 L,Volvic,FR,Danone S.A.,GB,https://wastebase.org/#/o/833c3669-9353-4c41-9948-a1d8cfeec1b6,,1
0606110288095,Tango Orange Soft Drink,350 ml,Flamingo,ZM,Acacia Food and Beverages Ltd,ZM,https://wastebase.org/#/o/de81ec8b-41a9-493a-9345-ca1cc44a0e80,,8
54491472,Coke,500ml,Coca-Cola,US,Coca-Cola,ZM,https://wastebase.org/#/o/c3710738-2999-4396-a284-6b70bf737fe6,,18
9716188532134,Agua Purificada,1.5 L,Nevada,MZ,"Nevada General Supplies Co, Lda",MZ,https://wastebase.org/#/o/dd241782-fd94-4a13-9d32-bc9871355dd2,,12
6001351000521,Super Brake Fluid,200ml,Engen,MY,PETROLIAM NASIONAL BERHAD (PETRONAS),MZ,https://wastebase.org/#/o/3998b0e8-edf7-4f10-8e39-8dc52f4a69e1,,1
6203013230004,Mineral Water,1.5 L,Drop of Zanzibar,TZ,Drop of Zanzibar Limited,TZ,https://wastebase.org/#/o/0a6a8128-4fa6-4533-8d5b-f648309258e7,,1
5705994075922,Oleo Vegetal Refinado,5.0 L,Maeva,MZ,Maeva,MZ,https://wastebase.org/#/o/4a879ee8-03cf-4482-a0a9-0677b3343188,,96
6001240100714,Secrets of the Valley Fruit Juice,1.0 L,Ceres,ZA,Pioneer Foods (Pty),MZ,https://wastebase.org/#/o/7aeb1e28-56bf-4b5b-8252-d8e7b18e5921,,2
6201101020025,Pure Drinking Water,1.5 L,Dew Drop,TZ,Dew Drop Drinks Co.Ltd,TZ,https://wastebase.org/#/o/b122e0c5-b565-4c7f-98c9-c7456ac735e6,,50
6009681511854,Natural Mineral Water,250 ml,Cape Aqua,UK,UNKNOWN_ORG,CH,https://wastebase.org/#/o/00000000-0000-0000-0000-000000000001,,1
6201101060342,RED GOLD,900g,TOMATO SAUCE,UK,UNKNOWN_ORG,TZ,https://wastebase.org/#/o/00000000-0000-0000-0000-000000000001,,11
6164002440005,Purified Natural Drinking Water,500 ml,Royal Taste,UK,UNKNOWN_ORG,KE,https://wastebase.org/#/o/00000000-0000-0000-0000-000000000001,,2
6009880106295,Strawberry,340 ml,Izy,MZ,Moz Beverages Lda,MZ,https://wastebase.org/#/o/f66aacf8-5f3f-4a41-8240-376962c3aaff,,15
3155930006015,Lager Beer,330ml,Desperados Original Tequila,NL,Heineken N.V.,TZ,https://wastebase.org/#/o/b93246c4-e1e4-4722-b477-9928a73d4984,,3
5449000180292,Delight Apple,1.0 L,Minute Maid,US,Coca-Cola,KE,https://wastebase.org/#/o/c3710738-2999-4396-a284-6b70bf737fe6,,1
0792382471072,Naturally Refreshing,500 ml,Brook Fresh,IN,KUNNUMPURATHU GROUP OF BUSINESS PRIVATE LIMITED,KE,https://wastebase.org/#/o/622073c4-2822-4cdc-9a1e-b831fa805141,,8
0606110288088,HAVANA COLA,350ml,ACACIA FOOD BEVERAGES LTD,ZM,Acacia Food and Beverages Ltd,ZM,https://wastebase.org/#/o/de81ec8b-41a9-493a-9345-ca1cc44a0e80,,2
42116479,Blackcurrant,350 ml,Fanta,US,Coca-Cola,KE,https://wastebase.org/#/o/c3710738-2999-4396-a284-6b70bf737fe6,,1
5602109006874,Agua de Nascente,500 ml,Fontes de La,UK,UNKNOWN_ORG,MZ,https://wastebase.org/#/o/00000000-0000-0000-0000-000000000001,,1
6009900076607,Carbonated Soft Drink,350 ml,Frozy,MZ,Yaafico Industrial Lda,MZ,https://wastebase.org/#/o/4d807269-db16-4aaf-a454-934634c8c319,,1
5056079900746,Boost Sport Carbonated Drink,500 ml,Boost,GB,Boost Drinks LTD,GB,https://wastebase.org/#/o/39cf108a-33c8-47c2-8180-96ff828a5b17,,1
6001085013156,Javel Multipurpose,750ml,Omo,GB,Unilever Plc,MZ,https://wastebase.org/#/o/909d4d9f-4537-4a18-bb1b-cf8f3c8304bc,,2
6161112464204,"pure water, perfect taste",1.0l,Safi,KE,Safi Water Limited,KE,https://wastebase.org/#/o/74114966-2d54-47e1-8313-d88d940c5bd8,,1
6009802913086,Água Kool,500 ml,Kool,UK,UNKNOWN_ORG,MZ,https://wastebase.org/#/o/00000000-0000-0000-0000-000000000001,,1
5449000113467,Blackcurrant Flavour Carbonated Drink,1.25 L,Fanta,US,Coca-Cola,KE,https://wastebase.org/#/o/c3710738-2999-4396-a284-6b70bf737fe6,,2
5449000165978,Drinking Water,1.0 L,Kilimanjaro,US,Coca-Cola,TZ,https://wastebase.org/#/o/c3710738-2999-4396-a284-6b70bf737fe6,,4
6161109781345,Energy Drink,400ml,Juicy Ginger,ZM,Revin Zambia Limited,ZM,https://wastebase.org/#/o/3f5c635b-cc6d-45a6-905e-b4b461c1d8a0,,1
0792382409532,Drinking Water,1.0 L,Oceanic,UK,UNKNOWN_ORG,KE,https://wastebase.org/#/o/00000000-0000-0000-0000-000000000001,,1
8414227057655,Liquid Soap,500 ml,Amalfi,UK,UNKNOWN_ORG,MZ,https://wastebase.org/#/o/00000000-0000-0000-0000-000000000001,,1
6009802913093,Agua Natural Purificada,1.5 L,Kool,UK,UNKNOWN_ORG,MZ,https://wastebase.org/#/o/00000000-0000-0000-0000-000000000001,,1
5603124026885,Acty Gel de Limpeza,560 ml,ACTY,PT,Mistolin Company,MZ,https://wastebase.org/#/o/d54cec79-4126-4214-9111-e54ff2fdfbb5,,2
6009709825215,Mineral Water,750 ml,Vatra,ZM,Trade Kings Group,ZM,https://wastebase.org/#/o/cb94d9c2-2f62-4ad8-ad86-a189701b370c,,19
6906978201064,Natural Water,1.5 L,Pangani,UK,UNKNOWN_ORG,TZ,https://wastebase.org/#/o/00000000-0000-0000-0000-000000000001,,8
4060800171122,Pepsi Max No Sugar,3.0 L,Pepsi,US,"Pepsico, Inc",GB,https://wastebase.org/#/o/fa6fbb15-8b61-4e1d-867f-db43d9d31fd3,,1
6008459000453,Mango Juice,500 ml,Afia,KE,Kevian Kenya Limited,KE,https://wastebase.org/#/o/e3c3c78e-74ba-4f45-a2ec-1461b3f6d295,,5
6201101020094,Premium Pure Drinking Water,1.0 L,Dew Drop,TZ,Dew Drop Drinks Co.Ltd,TZ,https://wastebase.org/#/o/b122e0c5-b565-4c7f-98c9-c7456ac735e6,,11
5019402500723,Scottish Spring Water Cranberry & Raspberry,500 ml,MacB,GB,Refresco Beverages UK Ltd,GB,https://wastebase.org/#/o/74f7c1d5-bf03-4d59-b442-5d84589a3b32,,2
5000128766562,Fresh Whole Milk,1.136 L,Co-op,GB,CO-OPERATIVE GROUP LIMITED,GB,https://wastebase.org/#/o/9fca3aa4-e021-4b06-acff-6b8ebf36dd38,,4
5603674000311,LavaTudo All Purpose Cleaner,1.5 L,ACTY,PT,Mistolin Company,MZ,https://wastebase.org/#/o/d54cec79-4126-4214-9111-e54ff2fdfbb5,,1
6001085010346,Lemon Dishwashing Liquid,1.5 L,Sunlight,GB,Unilever Plc,MZ,https://wastebase.org/#/o/909d4d9f-4537-4a18-bb1b-cf8f3c8304bc,90.000,2
90375378,Still Spring Water,330 ml,Valpre,US,Coca-Cola,ZA,https://wastebase.org/#/o/c3710738-2999-4396-a284-6b70bf737fe6,,1
5449000000286,Coca-Cola,2.0 L,Coca-Cola,US,Coca-Cola,MZ,https://wastebase.org/#/o/c3710738-2999-4396-a284-6b70bf737fe6,52.500,935
5449000221780,Diet Coke,750ml,Coca-Cola,US,Coca-Cola,TZ,https://wastebase.org/#/o/c3710738-2999-4396-a284-6b70bf737fe6,,1
6001087006057,Handy Andy Cream,750 ml,Handy Andy,GB,Unilever Plc,MZ,https://wastebase.org/#/o/909d4d9f-4537-4a18-bb1b-cf8f3c8304bc,,1
6009832820095,Fizz,350 ml,Fizz,MZ,Mopani Internacional Lda,MZ,https://wastebase.org/#/o/a34f6bbf-55f1-46c7-82db-d13b2a8d65b8,21.500,557
6007575000569,Drinking Yoghurt Peach Flavour,500 ml,Lowveld Favourites,ZA,Lowveld Favourites,MZ,https://wastebase.org/#/o/2bc198e3-f2bc-48cf-8b84-e7ddfa38ac3e,,2
6203011060801,Mango Fruit Juice Drink (Azam Embe),300ml,Azam,TZ,BAKHRESA GROUP DIVISIONS,TZ,https://wastebase.org/#/o/0c76efb4-4008-4677-aba1-e10a6e3ef026,,16
5010459007289,Highland Spring Mineral Water - Sparkling,750ml,Highland Spring,GB,HIGHLAND SPRING LIMITED,GB,https://wastebase.org/#/o/745bf45b-c66b-4c6b-8b6e-5725b33de313,,1
54491069,Lemon-Lime Flavoured Drink,500 ml,Sprite,US,Coca-Cola,TZ,https://wastebase.org/#/o/c3710738-2999-4396-a284-6b70bf737fe6,,27
850979001290,Kiwi Essence Anti-Bacterial Hand Soap,500 ml,Therapy Levels,UK,UNKNOWN_ORG,GB,https://wastebase.org/#/o/00000000-0000-0000-0000-000000000001,,1
4005808212521,Sun Kids 50+,200ml,NIVEA,DE,Beiersdorf AG,GB,https://wastebase.org/#/o/c03f3db6-9425-4fae-a809-20ae281ff84f,,2
5449000118745,Drinking Water,500 ml,Kilimanjaro,US,Coca-Cola,TZ,https://wastebase.org/#/o/c3710738-2999-4396-a284-6b70bf737fe6,,54
6161101661867,The gentle detergent,500 g,Toss,KE,Kapa Oil Refineries Ltd,TZ,https://wastebase.org/#/o/e4482d9c-4392-49fe-9070-60073ff6c694,,2
6203009790291,Sunflower oil,1.0 L,Pera fresh produce of Tanzania,TZ,PERA Afrika Ltd,TZ,https://wastebase.org/#/o/59369b55-9a65-437f-abad-e0590ae20a8c,,1
5054267009493,Lucozade Apple Blast,380 ml,Lucozade,JP,Suntory Holdings Limited,GB,https://wastebase.org/#/o/e072cc5d-03b1-4573-bde7-abe1bfbd668c,,1