Name,Country,Play
ABDELMAGID Wael,Egypt,Football
ABE Junya,Japan,Volleyball
ABE Katsuhiko,Japan,Basketball
ADAMA Cherif,Cote d'Ivoir,Football
AGEBA Yuya,Japan,Volleyball
AIKMAN Siegfried Gottlieb,Japan,Hockey
AL SAADI Kais,Germany,Hockey
ALAMEDA Lonni,Canada,Baseball/Softball
ALEKNO Vladimir,Islamic Republic of Iran,Volleyball
ALEKSEEV Alexey,ROC,Handball
ALLER CARBALLO Manuel Angel,Spain,Basketball
ALSHEHRI Saad,Saudi Arabia,Football
ALY Kamal,Egypt,Football
AMAYA GAITAN Fabian,Puerto Rico,Basketball
AMO AGUADO Pablo,Spain,Football
ANDONOVSKI Vlatko,United States of America,Football
ANNAN Alyson,Netherlands,Hockey
ARNAU CREUS Xavier,Japan,Hockey
ARNOLD Graham,Australia,Football
AXNER Tomas,Sweden,Handball
BABER Gareth Colin,Fiji,Rugby Sevens
BACIU Horatiu,Romania,Football
BANBULA Wojciech,Poland,Volleyball
BAO Zhuang,People's Republic of China,Volleyball
BARYLA Pawel,ROC,Volleyball
BASILIO Mel,Canada,Baseball/Softball
BASSO Paola,Great Britain,Artistic Swimming
BATCH Colin,Australia,Hockey
BATISTA Fernando,Argentina,Football
BATISTA SANTIAGO Gerardo,Puerto Rico,Basketball
BENCIC Filip,Serbia,Basketball
BERG Laura,United States of America,Baseball/Softball
BERGE Christian,Norway,Handball
BILLAVA SURESH Ankitha,India,Hockey
BIRO Attila,Hungary,Water Polo
BLECHER SIDOROVA Svetlana,Israel,Artistic Swimming
BLENGINI Gianlorenzo,Italy,Volleyball
BOLTON Alice,Nigeria,Basketball
BREIVIK Marit,Norway,Handball
BRODERICK William,Brazil,Rugby Sevens
BRONDELLO Sandy,Australia,Basketball
BROWN Chris,United States of America,Rugby Sevens
BROWN Michael,Nigeria,Basketball
BRUN Aristide,Austria,Artistic Swimming
BUNTING Allan,New Zealand,Rugby Sevens
BURLANDO Giovanna,Italy,Artistic Swimming
BUSATO Sergio,ROC,Volleyball
BUSENKELL Axel,Germany,Football
BYRNE Mick,Canada,Rugby Sevens
CADENAS MONTANES Manuel,Argentina,Handball
CALDAS Max,Netherlands,Hockey
CAMPAGNA Alessandro,Italy,Water Polo
CARO Carlos,Mexico,Baseball/Softball
CASAREZ Mary Lucy,Japan,Baseball/Softball
CASTRO Alex,Chile,Football
CHAMBERS Cheryl,Australia,Basketball
CHEPAK Anastasiya,Egypt,Artistic Swimming
CHEPAK Anastasiya,Egypt,Artistic Swimming
CHERNETSKA Natalia,Greece,Artistic Swimming
CHERNETSKA Natalia,Greece,Artistic Swimming
CHIARI Simona,San Marino,Artistic Swimming
CHOI Il Eon,Republic of Korea,Baseball/Softball
CHUN Jooweon,Republic of Korea,Basketball
CLARK STEPHEN Gregg,India,Hockey
COLLET Vincent,France,Basketball
COMMENS Adam,Belgium,Hockey
COURTEIX David,France,Rugby Sevens
CRESPI JAUME Margalida,Colombia,Artistic Swimming
CRUZ Filipe,Angola,Handball
DAL ZOTTO Renan,Brazil,Volleyball
DANCER Sean,Ireland,Hockey
DANCHENKO Tatiana,ROC,Artistic Swimming
DAVY Jeremy,Australia,Hockey
DAZA Fabian,Chile,Football
de la FUENTE CASTILLO Luis,Spain,Football
de MOURA Luizomar,Kenya,Volleyball
de OLIVEIRA Marcus Ricardo,Brazil,Handball
de VOS Robbert-Jan,Netherlands,Hockey
DELANEY Mike,New Zealand,Hockey
DEMCHENKO Zhanna,Kazakhstan,Artistic Swimming
DIAZ FERNANDEZ Jenaro Manuel,Spain,Basketball
DIAZ HENRIQUEZ Nestor,Dominican Republic,Basketball
DIDENKO Natalia,Spain,Artistic Swimming
DOBSON Howard,United States of America,Baseball/Softball
DORE Karine,Canada,Artistic Swimming
DROBNJAK Dragisa,Slovenia,Basketball
DUENAS de GALARZA Jorge,Brazil,Handball
DURO Fernando,Venezuela,Basketball
DYKSTRA Trisha,Australia,Basketball
ECHEZURIA Manuel,Venezuela,Basketball
EDDY Anthony,Ireland,Rugby Sevens
EITOKU Atsushi,Japan,Artistic Swimming
ELAFANDI Nour,Egypt,Artistic Swimming
ELAFANDI Nour,Egypt,Artistic Swimming
ELEK Gabor,Hungary,Handball
ENGELLAND Chip,United States of America,Basketball
ENQUIST Susan,United States of America,Volleyball
ERIKSEN Ken,United States of America,Baseball/Softball
EWING Gareth,South Africa,Hockey
FABRE Julie,France,Artistic Swimming
FAHMY LATIF Yasmine,Egypt,Artistic Swimming
FALERO Miguel,Honduras,Football
FARINELLI Roberta,Italy,Artistic Swimming
FARINELLI Roberta,Italy,Artistic Swimming
FATOVIC Elvis,Australia,Water Polo
FAVAREL Pablo,Venezuela,Basketball
FEDIUSHYNA Tetiana,Ukraine,Artistic Swimming
FERRARO Hernan,Argentina,Volleyball
FISH Nathan,Israel,Baseball/Softball
FLOWERS Tairia,United States of America,Baseball/Softball
FOIREST Laurent,France,Basketball
FORREST Scott,Great Britain,Rugby Sevens
FRIDAY Mike,United States of America,Rugby Sevens
FUENTES Andrea,United States of America,Artistic Swimming
FUERBRINGER Matthew,United States of America,Volleyball
FUJIKI Mayuko,Spain,Artistic Swimming
FUJIKI Mayuko,Spain,Artistic Swimming
FULI Saiasi,Fiji,Rugby Sevens
GADEMAN Pasha,Canada,Hockey
GAIDUKOV Aleksandr,ROC,Water Polo
GARCIA HERRERA Manuel,Dominican Republic,Baseball/Softball
GARCIA Nestor,Dominican Republic,Basketball
GARCIA PIZARRO Paula,Colombia,Artistic Swimming
GARNIER Valerie,France,Basketball
GERHARDSSON Peter,Sweden,Football
GIACOBBE Antonio,Tunisia,Volleyball
GIALLOMBARDO Patrizia,Italy,Artistic Swimming
GIALLOMBARDO Patrizia,Italy,Artistic Swimming
GILLE Guillaume,France,Handball
GINZBURG Ronen,Czech Republic,Basketball
GISLASON Alfred,Germany,Handball
GOJKOVIC Vladimir,Montenegro,Water Polo
GOMEZ CORA Santiago,Argentina,Rugby Sevens
GONZALEZ Anibal,Mexico,Football
GONZALEZ JARENO Angel,Spain,Basketball
GOORJIAN Brian,Australia,Basketball
GORDO MANSILLA Juan David,Spain,Football
GRAINGER Adam,Ireland,Hockey
GRAUPERA Cristina,Greece,Artistic Swimming
GRAZIOSI Gianluca,Italy,Volleyball
GRESKOWIAK Arne,Germany,Basketball
GRYZUNOVA Elena,ROC,Artistic Swimming
GUERRERO LOPEZ Julen,Spain,Football
GUERRERO Rolando,Mexico,Baseball/Softball
GUERRERO Rolando,Mexico,Baseball/Softball
GUIDETTI Giovanni,Turkey,Volleyball
GUILLEN Ronald,Venezuela,Basketball
GUIMARAES Jose Roberto,Brazil,Volleyball
GUSTAVSSON Tony,Australia,Football
HAGER Mark,Great Britain,Hockey
HAIDARA Soualiho,C����,Football
HALD Simon,Denmark,Handball
HALKETT Rhett,Netherlands,Hockey
HAM Darvin de,Nigeria,Basketball
HARDY William,United States of America,Basketball
HARROW Laing,Australia,Baseball/Softball
HARVEY Laura,United States of America,Football
HAVENGA Arno,Netherlands,Water Polo
HAY Danny,New Zealand,Football
HEM Thon Ponloeu,Cambodia,Artistic Swimming
HENKEL Claas,Germany,Hockey
HENNING Andre,Canada,Hockey
HERGEIRSSON Thorir,Norway,Handball
HERNANDEZ FRAILE Jose Ignacio,Spain,Basketball
HERNANDEZ Sergio,Argentina,Basketball
HEYNEN Vital,Poland,Volleyball
HIROSE Norikazu,Japan,Football
HOAG Glenn,Canada,Volleyball
HOLANEK Zoltan,Hungary,Handball
HOVASSE Thomas Wayne,Japan,Basketball
HUGHES Daniel,United States of America,Basketball
HUGHLEY JR Otis,Nigeria,Basketball
IMURA Masayo,Japan,Artistic Swimming
IWABUCHI Kensuke,Japan,Rugby Sevens
JACOBSEN Nikolaj,Denmark,Handball
JARDINE Andre,Brazil,Football
JAUMA CAYUELA Esther,Netherlands,Artistic Swimming
JENNINGS Dee,Australia,Hockey
JEROME Essapa,C����,Football
JIA Xiuquan,People's Republic of China,Football
JIMENEZ NIETO Cecilia,Spain,Artistic Swimming
JOHNSON Vickie,United States of America,Basketball
JONES Chris,Canada,Baseball/Softball
JONES Nathan,Australia,Baseball/Softball
KAISER Pierre,Belgium,Basketball
KANEKO Makoto,Japan,Baseball/Softball
KANG Jae Won,Republic of Korea,Handball
KANUNGO Bergin,Zambia,Football
KAWASE Asaki,Japan,Football
KAZAMA Takafumi,Japan,Football
KELLER Florian,Germany,Hockey
KERRY Danny,Great Britain,Hockey
KIM Chanbin,Republic of Korea,Football
KIM Hagbum,Republic of Korea,Football
KIRALY Karch,United States of America,Volleyball
KIRKELY Ulrik,Japan,Handball
KIRKPATRICK Andrew,Australia,Baseball/Softball
KITABAYASHI Kenji,Japan,Handball
KLARENBEEK Auke,Netherlands,Handball
KNEZEVIC Nemanja,Kazakhstan,Water Polo
KOFFI Anthony,C����,Football
KONSTANTINOV Aleksei,ROC,Volleyball
KONTIC Svetlana,Serbia,Artistic Swimming
KRIKORIAN Adam,United States of America,Water Polo
KRIST JANSSON Aron,Bahrain,Handball
KRUMBHOLZ Olivier,France,Handball
KULESZA Katarzyna,Canada,Artistic Swimming
KUNTZ Stefan,Germany,Football
KUZIN Andrey,ROC,Rugby Sevens
KWIEK Marcos,Dominican Republic,Volleyball
LAIDLAW Clark,New Zealand,Rugby Sevens
LAMAS Julio,Japan,Basketball
LANG Ping,People's Republic of China,Volleyball
LAVARINI Stefano,Republic of Korea,Volleyball
LAZARO CORRAL Jesus,Spain,Basketball
LETELIER Jose,Chile,Football
LOCK Adrian Mayner,Spain,Hockey
LOFTUS Adriana,Mexico,Artistic Swimming
LOPES BARBOSA Leonard,Kenya,Volleyball
LOPEZ GUILLEN Melvyn,Dominican Republic,Basketball
LOPEZ Monica Susana,Argentina,Artistic Swimming
LOUCKS Luke,Nigeria,Basketball
LOZANO Jaime,Mexico,Football
MACEK Anze,Slovenia,Basketball
MACKINTOSH Euan Michael Gordon,People's Republic of China,Rugby Sevens
MAEDA Kenzo,Japan,Basketball
MAHLANGU Sibusiso,South Africa,Football
MAKIRI Hare,Japan,Rugby Sevens
MALJKOVIC Marina,Serbia,Basketball
MANENTI John,Australia,Rugby Sevens
MANZANILLO Andres,Venezuela,Volleyball
MARCZ Tamas,Hungary,Water Polo
MARIJNE Sjoerd,India,Hockey
MARINELLI Fernando,Chile,Football
MARTIN LOZANO David,Spain,Water Polo
MARTIN Paul,South Africa,Water Polo
MASHA Mario,South Africa,Football
MATSUNO Yoshiyuki,Japan,Basketball
MATSUODANI Yasushi,Japan,Football
MAYBURY Elena,United States of America,Football
MAYONNADE Emmanuel,Netherlands,Handball
MAZZANTI Davide,Italy,Volleyball
McCRORIE Christy,South Africa,Hockey
McLEOD Shane,Belgium,Hockey
MEDINA Bobby,Nigeria,Basketball
MENDEZ Marcelo Rodolfo,Argentina,Volleyball
MENGUAL CIVIL Gemma,Spain,Artistic Swimming
MENTOOR Delaine,South Africa,Water Polo
MERCEDES del ROSARIO Jose,Dominican Republic,Basketball
MESTDAGH Philip,Belgium,Basketball
MEZHENINA Valeriia,Ukraine,Artistic Swimming
MEZIANE Rachid,France,Basketball
MIHAILOVIC Predrag,Australia,Water Polo
MIREJOVSKY Michal,Czech Republic,Basketball
MIRET GARCIA Daniel,Spain,Basketball
MIURA Keiko,Japan,Hockey
MIYAKAWA Miya,Japan,Artistic Swimming
MLADENOVA Albena,Austria,Artistic Swimming
MOHAMED Mai,Egypt,Artistic Swimming
MOHAMED Sayeda,Saudi Arabia,Football
MOHAMMED Silifat,Nigeria,Basketball
MONDELO GARCIA Lucas,Spain,Basketball
MONTICO Loredana,Australia,Artistic Swimming
MONTICO Loredana,Australia,Artistic Swimming
MORIYASU Hajime,Japan,Football
MOTOMIYA Makihiro,Japan,Water Polo
MULATI Adilijiang,People's Republic of China,Basketball
MUNOZ Noe de Jesus,Mexico,Baseball/Softball
MWAPE Bruce,Zambia,Football
NAGAE Shoji,Japan,Volleyball
NAIDOO Taren,South Africa,Hockey
NAKADA Kumi,Japan,Volleyball
NAKAGAICHI Yuichi,Japan,Volleyball
NCUBE Mthandazo,South Africa,Football
NEVES Christophe,C����,Football
NISHIDA Takumi,Japan,Rugby Sevens
NOTOANE David,South Africa,Football
OCA GAIA Miguel Angel,Spain,Water Polo
ODAUDU Ogoh,Nigeria,Basketball
OLOO Felix,Kenya,Rugby Sevens
OMOTO Yoji,Japan,Water Polo
PAGAN CRISTOBAL Angel,Puerto Rico,Basketball
PALERMI Giovanna,Italy,Baseball/Softball
PANTOJA Hernan,Venezuela,Volleyball
PARADELO David,Canada,Water Polo
PARRONDO Roberto,Egypt,Handball
PAUL Henry,Canada,Rugby Sevens
PECCI Isabella,San Marino,Artistic Swimming
PEDRERO Ofelia,Mexico,Artistic Swimming
PEREIRA Paulo Jorge,Portugal,Handball
PEREZ Jose,Venezuela,Basketball
PIBIRI Rossella,Italy,Artistic Swimming
PISKAREVA Ekaterina,ROC,Artistic Swimming
PIZZOLINI Federico,Italy,Baseball/Softball
POPOVICH Gregg,United States of America,Basketball
POROBIC Petar,People's Republic of China,Water Polo
POTTER Anthony,Australia,Hockey
POWELL Katrina,Australia,Hockey
POWELL Neil,South Africa,Rugby Sevens
PRADO BRANAS Joaquin,Spain,Basketball
PRIESTMAN Bev,Canada,Football
RADOI Mirel,Romania,Football
RECKINGER Xavier,Germany,Hockey
REID Graham John,India,Hockey
REQUENA PERICAS Judit,Spain,Artistic Swimming
REQUENA PERICAS Judit,Spain,Artistic Swimming
RETEGUI Carlos Jose,Argentina,Hockey
RETEGUI Carlos Jose,Argentina,Hockey
RIBERA ROMANS Jordi,Spain,Handball
RIISE Hege,Great Britain,Football
RILLIE John,Australia,Basketball
RIPOLL Sylvain,France,Football
RODRIGUEZ Eduardo Rafael,Argentina,Volleyball
ROEDL Henrik,Germany,Basketball
ROQUES Anthony,Great Britain,Rugby Sevens
SACCHETTI Romeo,Italy,Basketball
SALAM Mohamed,Egypt,Football
SAMMELVUO Tuomas,ROC,Volleyball
SARTI Ronald,Venezuela,Volleyball
SAVIC Dejan,Serbia,Water Polo
SAVIC Maja,Montenegro,Handball
SCARIOLO Sergio,Spain,Basketball
SCHILLING April,Nigeria,Basketball
SEKULIC Aleksander,Slovenia,Basketball
SEO Chun Oh,Republic of Korea,Rugby Sevens
SERMANNI Tom,New Zealand,Football
SHAHINTAB Mehran,Islamic Republic of Iran,Basketball
SHAHNAZI Shahbaz,Austria,Artistic Swimming
SHAW Graham,New Zealand,Hockey
SHAWKY Gharib,Egypt,Football
SIAM Zaghloul,Egypt,Football
SIGURDSSON Dagur,Japan,Handball
SIMIYU Innocent,Kenya,Rugby Sevens
SINGH Shivendra,India,Hockey
SMITH Darren,New Zealand,Hockey
SMITH Mark,Canada,Baseball/Softball
SOLBERG Glenn,Sweden,Handball
SOYEZ Frederic,Spain,Hockey
SPERAW John,United States of America,Volleyball
SPERONI Stefania,Great Britain,Artistic Swimming
STALEY Dawn,United States of America,Basketball
STANIFORTH Dave,Australia,Hockey
STAS Jacques,Belgium,Basketball
SUNDHAGE Pia Mariane,Brazil,Football
SVETLICHNAYA Aliona,Belarus,Artistic Swimming
SZAUDER Gabor,Canada,Artistic Swimming
SZAUDER Gabor,Canada,Artistic Swimming
SZAUDER Nora,Slovakia,Artistic Swimming
TAGLE German,Chile,Football
TAKAKURA Asako,Japan,Football
TAKITA Risako,Japan,Artistic Swimming
TARR Heather,United States of America,Baseball/Softball
TARRES CAMPA Ana,Greece,Artistic Swimming
TARRES CAMPA Ana,Greece,Artistic Swimming
TERZIC Zoran,Serbia,Volleyball
THOMAIDIS Lisa,Canada,Basketball
TILLIE Laurent,France,Volleyball
TOMOMATSU Yumiko,Italy,Artistic Swimming
TUCAK Ivica,Croatia,Water Polo
TURNER Glenn,New Zealand,Hockey
UDOKA Ime,United States of America,Basketball
UDOVICIC Dejan,United States of America,Water Polo
UTKIN Volodymyr,Ukraine,Artistic Swimming
UTSUGI Reika,Japan,Baseball/Softball
van GINKEL Robin,South Africa,Hockey
van GUNDY Jeff,United States of America,Basketball
VASQUEZ Diego,Venezuela,Basketball
VEGA HERRERO Anna,Spain,Artistic Swimming
VILLEGAS Orlando,Venezuela,Volleyball
VITORINO de SOUZA Marcelo,Kenya,Volleyball
VIVER ARZA Carlos Enrique,Spain,Handball
VLACHOS Theodoros,Greece,Water Polo
VORONOVA Elena,ROC,Artistic Swimming
WALL Michael,United States of America,Volleyball
WALSH Tim,Australia,Rugby Sevens
WANG Jie,People's Republic of China,Artistic Swimming
WANG Jie,People's Republic of China,Artistic Swimming
WANG Yang,People's Republic of China,Hockey
WEINSTEIN Jerry,United States of America,Baseball/Softball
WIEGMAN Sarina,Netherlands,Football
WIRTH Oscar,Chile,Football
WOELFLIN Roberto Osvaldo,Argentina,Volleyball
WOICKI Pawel,Poland,Volleyball
WRIGHT Jerold,United States of America,Basketball
XU Limin,People's Republic of China,Basketball
YAMAJI Noriko,Japan,Baseball/Softball
YUAN Lingxi,People's Republic of China,Volleyball
YURKIN Sergey,ROC,Volleyball
ZAITSEVA Olesia,Ukraine,Artistic Swimming
ZAMORA PEDREIRA Javier,Spain,Basketball
ZAMPIERI Francesca,Liechtenstein,Artistic Swimming
ZHANG Xiaohuan,People's Republic of China,Artistic Swimming
ZIJP Simon,Netherlands,Hockey
ZONDI Nkuliso,South Africa,Hockey
