Name,Play,Event
Belgium,3x3 Basketball,Men
China,3x3 Basketball,Men
China,3x3 Basketball,Women
France,3x3 Basketball,Women
Italy,3x3 Basketball,Women
Japan,3x3 Basketball,Men
Japan,3x3 Basketball,Women
Latvia,3x3 Basketball,Men
Mongolia,3x3 Basketball,Women
Netherlands,3x3 Basketball,Men
Poland,3x3 Basketball,Men
ROC,3x3 Basketball,Men
ROC,3x3 Basketball,Women
Romania,3x3 Basketball,Women
Serbia,3x3 Basketball,Men
United States,3x3 Basketball,Women
Australia,Archery,Men's Team
Australia,Archery,Mixed Team
Bangladesh,Archery,Mixed Team
Belarus,Archery,Women's Team
Brazil,Archery,Mixed Team
Canada,Archery,Mixed Team
China,Archery,Men's Team
China,Archery,Mixed Team
China,Archery,Women's Team
Chinese Taipei,Archery,Men's Team
Chinese Taipei,Archery,Mixed Team
Chinese Taipei,Archery,Women's Team
Colombia,Archery,Mixed Team
Egypt,Archery,Mixed Team
France,Archery,Men's Team
France,Archery,Mixed Team
Germany,Archery,Mixed Team
Germany,Archery,Women's Team
Great Britain,Archery,Men's Team
Great Britain,Archery,Mixed Team
Great Britain,Archery,Women's Team
India,Archery,Men's Team
India,Archery,Mixed Team
Indonesia,Archery,Men's Team
Indonesia,Archery,Mixed Team
Italy,Archery,Mixed Team
Italy,Archery,Women's Team
Japan,Archery,Men's Team
Japan,Archery,Mixed Team
Japan,Archery,Women's Team
Kazakhstan,Archery,Men's Team
Malaysia,Archery,Mixed Team
Mexico,Archery,Mixed Team
Mexico,Archery,Women's Team
Mongolia,Archery,Mixed Team
Netherlands,Archery,Men's Team
Netherlands,Archery,Mixed Team
Poland,Archery,Mixed Team
Rep. of Moldova,Archery,Mixed Team
Republic of Korea,Archery,Men's Team
Republic of Korea,Archery,Mixed Team
Republic of Korea,Archery,Women's Team
ROC,Archery,Mixed Team
ROC,Archery,Women's Team
Spain,Archery,Mixed Team
Tunisia,Archery,Mixed Team
Turkey,Archery,Mixed Team
Ukraine,Archery,Mixed Team
Ukraine,Archery,Women's Team
United States,Archery,Men's Team
United States,Archery,Mixed Team
United States,Archery,Women's Team
Vietnam,Archery,Mixed Team
Belgium,Artistic Gymnastics,Women's Team
Brazil,Artistic Gymnastics,Men's Team
Canada,Artistic Gymnastics,Women's Team
China,Artistic Gymnastics,Men's Team
China,Artistic Gymnastics,Women's Team
Chinese Taipei,Artistic Gymnastics,Men's Team
France,Artistic Gymnastics,Women's Team
Germany,Artistic Gymnastics,Men's Team
Germany,Artistic Gymnastics,Women's Team
Great Britain,Artistic Gymnastics,Men's Team
Great Britain,Artistic Gymnastics,Women's Team
Italy,Artistic Gymnastics,Women's Team
Japan,Artistic Gymnastics,Men's Team
Japan,Artistic Gymnastics,Women's Team
Netherlands,Artistic Gymnastics,Women's Team
Korea,Artistic Gymnastics,Men's Team
ROC,Artistic Gymnastics,Men's Team
ROC,Artistic Gymnastics,Women's Team
Spain,Artistic Gymnastics,Men's Team
Spain,Artistic Gymnastics,Women's Team
Switzerland,Artistic Gymnastics,Men's Team
Ukraine,Artistic Gymnastics,Men's Team
United States,Artistic Gymnastics,Men's Team
United States,Artistic Gymnastics,Women's Team
Australia,Artistic Swimming,Duet
Australia,Artistic Swimming,Team
Austria,Artistic Swimming,Duet
Belarus,Artistic Swimming,Duet
Canada,Artistic Swimming,Duet
Canada,Artistic Swimming,Team
China,Artistic Swimming,Duet
China,Artistic Swimming,Team
Colombia,Artistic Swimming,Duet
Egypt,Artistic Swimming,Duet
Egypt,Artistic Swimming,Team
France,Artistic Swimming,Duet
Great Britain,Artistic Swimming,Duet
Greece,Artistic Swimming,Duet
Greece,Artistic Swimming,Team
Israel,Artistic Swimming,Duet
Italy,Artistic Swimming,Duet
Italy,Artistic Swimming,Team
Japan,Artistic Swimming,Duet
Japan,Artistic Swimming,Team
Kazakhstan,Artistic Swimming,Duet
Liechtenstein,Artistic Swimming,Duet
Mexico,Artistic Swimming,Duet
Netherlands,Artistic Swimming,Duet
ROC,Artistic Swimming,Duet
ROC,Artistic Swimming,Team
South Africa,Artistic Swimming,Duet
Spain,Artistic Swimming,Duet
Spain,Artistic Swimming,Team
Ukraine,Artistic Swimming,Duet
Ukraine,Artistic Swimming,Team
United States,Artistic Swimming,Duet
Australia,Athletics,Women's 4 x 400m Relay
Bahamas,Athletics,Women's 4 x 400m Relay
Belarus,Athletics,Women's 4 x 400m Relay
Belgium,Athletics,4 x 400m Relay Mixed
Belgium,Athletics,Men's 4 x 400m Relay
Belgium,Athletics,Women's 4 x 400m Relay
Botswana,Athletics,Men's 4 x 400m Relay
Brazil,Athletics,4 x 400m Relay Mixed
Brazil,Athletics,Men's 4 x 100m Relay
Brazil,Athletics,Women's 4 x 100m Relay
Canada,Athletics,Men's 4 x 100m Relay
Canada,Athletics,Women's 4 x 400m Relay
China,Athletics,Men's 4 x 100m Relay
China,Athletics,Women's 4 x 100m Relay
Colombia,Athletics,Men's 4 x 400m Relay
Cuba,Athletics,Women's 4 x 400m Relay
Czech Republic,Athletics,Men's 4 x 400m Relay
Denmark,Athletics,Men's 4 x 100m Relay
Denmark,Athletics,Women's 4 x 100m Relay
Dominican Rep.,Athletics,4 x 400m Relay Mixed
Ecuador,Athletics,Women's 4 x 100m Relay
France,Athletics,Men's 4 x 100m Relay
France,Athletics,Men's 4 x 400m Relay
France,Athletics,Women's 4 x 100m Relay
France,Athletics,Women's 4 x 400m Relay
Germany,Athletics,4 x 400m Relay Mixed
Germany,Athletics,Men's 4 x 100m Relay
Germany,Athletics,Men's 4 x 400m Relay
Germany,Athletics,Women's 4 x 100m Relay
Germany,Athletics,Women's 4 x 400m Relay
Ghana,Athletics,Men's 4 x 100m Relay
Great Britain,Athletics,4 x 400m Relay Mixed
Great Britain,Athletics,Men's 4 x 100m Relay
Great Britain,Athletics,Men's 4 x 400m Relay
Great Britain,Athletics,Women's 4 x 100m Relay
Great Britain,Athletics,Women's 4 x 400m Relay
India,Athletics,4 x 400m Relay Mixed
India,Athletics,Men's 4 x 400m Relay
Ireland,Athletics,4 x 400m Relay Mixed
Italy,Athletics,4 x 400m Relay Mixed
Italy,Athletics,Men's 4 x 100m Relay
Italy,Athletics,Men's 4 x 400m Relay
Italy,Athletics,Women's 4 x 100m Relay
Italy,Athletics,Women's 4 x 400m Relay
Jamaica,Athletics,4 x 400m Relay Mixed
Jamaica,Athletics,Men's 4 x 100m Relay
Jamaica,Athletics,Men's 4 x 400m Relay
Jamaica,Athletics,Women's 4 x 100m Relay
Jamaica,Athletics,Women's 4 x 400m Relay
Japan,Athletics,Men's 4 x 100m Relay
Japan,Athletics,Men's 4 x 400m Relay
Japan,Athletics,Women's 4 x 100m Relay
Netherlands,Athletics,4 x 400m Relay Mixed
Netherlands,Athletics,Men's 4 x 100m Relay
Netherlands,Athletics,Men's 4 x 400m Relay
Netherlands,Athletics,Women's 4 x 100m Relay
Netherlands,Athletics,Women's 4 x 400m Relay
Nigeria,Athletics,4 x 400m Relay Mixed
Nigeria,Athletics,Women's 4 x 100m Relay
Poland,Athletics,4 x 400m Relay Mixed
Poland,Athletics,Men's 4 x 400m Relay
Poland,Athletics,Women's 4 x 100m Relay
Poland,Athletics,Women's 4 x 400m Relay
South Africa,Athletics,Men's 4 x 100m Relay
South Africa,Athletics,Men's 4 x 400m Relay
Spain,Athletics,4 x 400m Relay Mixed
Switzerland,Athletics,Women's 4 x 100m Relay
Switzerland,Athletics,Women's 4 x 400m Relay
Trinidad & Tobago,Athletics,Men's 4 x 100m Relay
Trinidad & Tobago,Athletics,Men's 4 x 400m Relay
Trinidad & Tobago,Athletics,Women's 4 x 100m Relay
Turkey,Athletics,Men's 4 x 100m Relay
Ukraine,Athletics,4 x 400m Relay Mixed
Ukraine,Athletics,Women's 4 x 400m Relay
United States,Athletics,4 x 400m Relay Mixed
United States,Athletics,Men's 4 x 100m Relay
United States,Athletics,Men's 4 x 400m Relay
United States,Athletics,Women's 4 x 100m Relay
United States,Athletics,Women's 4 x 400m Relay
Australia,Baseball/Softball,Softball
Canada,Baseball/Softball,Softball
Dominican Rep.,Baseball/Softball,Baseball
Israel,Baseball/Softball,Baseball
Italy,Baseball/Softball,Softball
Japan,Baseball/Softball,Baseball
Japan,Baseball/Softball,Softball
Mexico,Baseball/Softball,Baseball
Mexico,Baseball/Softball,Softball
Republic of Korea,Baseball/Softball,Baseball
United States,Baseball/Softball,Baseball
United States,Baseball/Softball,Softball
Argentina,Basketball,Men
Australia,Basketball,Men
Australia,Basketball,Women
Belgium,Basketball,Women
Canada,Basketball,Women
China,Basketball,Women
Czech Republic,Basketball,Men
France,Basketball,Men
France,Basketball,Women
Germany,Basketball,Men
Islamic Rep. of Iran,Basketball,Men
Italy,Basketball,Men
Japan,Basketball,Men
Japan,Basketball,Women
Nigeria,Basketball,Men
Nigeria,Basketball,Women
Puerto Rico,Basketball,Women
Republic of Korea,Basketball,Women
Serbia,Basketball,Women
Slovenia,Basketball,Men
Spain,Basketball,Men
Spain,Basketball,Women
United States,Basketball,Men
United States,Basketball,Women
Azaad/Capogrosso,Beach Volleyball,Men
Gallay/Pereyra,Beach Volleyball,Women
McHugh/Schumann,Beach Volleyball,Men
Artacho Del Solar/Clancy,Beach Volleyball,Women
Alison/Alvaro Filho,Beach Volleyball,Men
Evandro/Bruno Schmidt,Beach Volleyball,Men
Ana Patricia/Rebecca,Beach Volleyball,Women
Agatha/Duda,Beach Volleyball,Women
Bansley/Brandie,Beach Volleyball,Women
Pavan/Melissa,Beach Volleyball,Women
Grimalt M./Grimalt E.,Beach Volleyball,Men
Wang/X.Y.Xia,Beach Volleyball,Women
Xue/Wang X.X.,Beach Volleyball,Women
Lidy/Leila,Beach Volleyball,Women
Perusic/Schweiner,Beach Volleyball,Men
Hermannova/Slukova,Beach Volleyball,Women
Thole J./Wickler,Beach Volleyball,Men
Ludwig/Kozuch,Beach Volleyball,Women
Sude/Borger,Beach Volleyball,Women
Nicolai/Lupo,Beach Volleyball,Men
Carambula/Rossi,Beach Volleyball,Men
Menegatti/Orsi Toth,Beach Volleyball,Women
Gottsu/Shiratori,Beach Volleyball,Men
Ishii/Murakami,Beach Volleyball,Women
Makokha/Khadambi,Beach Volleyball,Women
Plavins/Tocs,Beach Volleyball,Men
Graudina/Kravcenoka,Beach Volleyball,Women
Gaxiola/Rubio,Beach Volleyball,Men
Abicha/Elgraoui,Beach Volleyball,Men
Brouwer/Meeuwsen,Beach Volleyball,Men
Keizer/Meppelink,Beach Volleyball,Women
Stam/Schoon,Beach Volleyball,Women
Mol A./Sorum C.,Beach Volleyball,Men
Bryl/Fijalek,Beach Volleyball,Men
Kantor/Losiak,Beach Volleyball,Men
Cherif/Ahmed,Beach Volleyball,Men
Krasilnikov/Stoyanovskiy,Beach Volleyball,Men
Leshukov/Semenov,Beach Volleyball,Men
Makroguzova/Kholomina,Beach Volleyball,Women
Herrera/Gavira,Beach Volleyball,Men
Liliana/Elsa,Beach Volleyball,Women
Heidrich/Gerson,Beach Volleyball,Men
Huberli/Betschart,Beach Volleyball,Women
"Verge-Depre, A./Heidrich",Beach Volleyball,Women
Gibb/Bourne,Beach Volleyball,Men
Lucena/Dalhausser,Beach Volleyball,Men
April/Alix,Beach Volleyball,Women
Claes/Sponcil,Beach Volleyball,Women
Australia,Cycling Track,Men's Madison
Australia,Cycling Track,Men's Team Pursuit
Australia,Cycling Track,Men's Team Sprint
Australia,Cycling Track,Women's Madison
Australia,Cycling Track,Women's Team Pursuit
Austria,Cycling Track,Men's Madison
Belgium,Cycling Track,Men's Madison
Belgium,Cycling Track,Women's Madison
Canada,Cycling Track,Men's Madison
Canada,Cycling Track,Men's Team Pursuit
Canada,Cycling Track,Women's Madison
Canada,Cycling Track,Women's Team Pursuit
China,Cycling Track,Women's Team Sprint
Denmark,Cycling Track,Men's Madison
Denmark,Cycling Track,Men's Team Pursuit
Denmark,Cycling Track,Women's Madison
France,Cycling Track,Men's Madison
France,Cycling Track,Men's Team Sprint
France,Cycling Track,Women's Madison
France,Cycling Track,Women's Team Pursuit
Germany,Cycling Track,Men's Madison
Germany,Cycling Track,Men's Team Pursuit
Germany,Cycling Track,Men's Team Sprint
Germany,Cycling Track,Women's Madison
Germany,Cycling Track,Women's Team Pursuit
Germany,Cycling Track,Women's Team Sprint
Great Britain,Cycling Track,Men's Madison
Great Britain,Cycling Track,Men's Team Pursuit
Great Britain,Cycling Track,Men's Team Sprint
Great Britain,Cycling Track,Women's Madison
Great Britain,Cycling Track,Women's Team Pursuit
"Hong Kong, China",Cycling Track,Women's Madison
Ireland,Cycling Track,Men's Madison
Ireland,Cycling Track,Women's Madison
Italy,Cycling Track,Men's Madison
Italy,Cycling Track,Men's Team Pursuit
Italy,Cycling Track,Women's Madison
Italy,Cycling Track,Women's Team Pursuit
Japan,Cycling Track,Women's Madison
Lithuania,Cycling Track,Women's Team Sprint
Mexico,Cycling Track,Women's Team Sprint
Netherlands,Cycling Track,Men's Madison
Netherlands,Cycling Track,Men's Team Sprint
Netherlands,Cycling Track,Women's Madison
Netherlands,Cycling Track,Women's Team Sprint
New Zealand,Cycling Track,Men's Madison
New Zealand,Cycling Track,Men's Team Pursuit
New Zealand,Cycling Track,Men's Team Sprint
New Zealand,Cycling Track,Women's Madison
New Zealand,Cycling Track,Women's Team Pursuit
Poland,Cycling Track,Men's Madison
Poland,Cycling Track,Men's Team Sprint
Poland,Cycling Track,Women's Madison
Poland,Cycling Track,Women's Team Sprint
ROC,Cycling Track,Men's Team Sprint
ROC,Cycling Track,Women's Madison
ROC,Cycling Track,Women's Team Sprint
Spain,Cycling Track,Men's Madison
Switzerland,Cycling Track,Men's Madison
Switzerland,Cycling Track,Men's Team Pursuit
Ukraine,Cycling Track,Women's Team Sprint
United States,Cycling Track,Men's Madison
United States,Cycling Track,Women's Madison
United States,Cycling Track,Women's Team Pursuit
Canada,Fencing,Men's Foil Team
Canada,Fencing,Women's Foil Team
China,Fencing,Men's ï¿½ï¿½pï¿
China,Fencing,Women's ï¿½ï¿½pï¿
China,Fencing,Women's Sabre Team
Egypt,Fencing,Men's Foil Team
Egypt,Fencing,Men's Sabre Team
Egypt,Fencing,Women's Foil Team
Estonia,Fencing,Women's ï¿½ï¿½pï¿
France,Fencing,Men's ï¿½ï¿½pï¿
France,Fencing,Men's Foil Team
France,Fencing,Women's Foil Team
France,Fencing,Women's Sabre Team
Germany,Fencing,Men's Foil Team
Germany,Fencing,Men's Sabre Team
"Hong Kong, China",Fencing,Men's Foil Team
"Hong Kong, China",Fencing,Women's ï¿½ï¿½pï¿
Hungary,Fencing,Men's Sabre Team
Hungary,Fencing,Women's Foil Team
Hungary,Fencing,Women's Sabre Team
Islamic Rep. of Iran,Fencing,Men's Sabre Team
Italy,Fencing,Men's ï¿½ï¿½pï¿
Italy,Fencing,Men's Foil Team
Italy,Fencing,Men's Sabre Team
Italy,Fencing,Women's ï¿½ï¿½pï¿
Italy,Fencing,Women's Foil Team
Italy,Fencing,Women's Sabre Team
Japan,Fencing,Men's ï¿½ï¿½pï¿
Japan,Fencing,Men's Foil Team
Japan,Fencing,Men's Sabre Team
Japan,Fencing,Women's Foil Team
Japan,Fencing,Women's Sabre Team
Poland,Fencing,Women's ï¿½ï¿½pï¿
Republic of Korea,Fencing,Men's ï¿½ï¿½pï¿
Republic of Korea,Fencing,Men's Sabre Team
Republic of Korea,Fencing,Women's ï¿½ï¿½pï¿
Republic of Korea,Fencing,Women's Sabre Team
ROC,Fencing,Men's ï¿½ï¿½pï¿
ROC,Fencing,Men's Foil Team
ROC,Fencing,Men's Sabre Team
ROC,Fencing,Women's ï¿½ï¿½pï¿
ROC,Fencing,Women's Foil Team
ROC,Fencing,Women's Sabre Team
Switzerland,Fencing,Men's ï¿½ï¿½pï¿
Tunisia,Fencing,Women's Sabre Team
Ukraine,Fencing,Men's ï¿½ï¿½pï¿
United States,Fencing,Men's ï¿½ï¿½pï¿
United States,Fencing,Men's Foil Team
United States,Fencing,Men's Sabre Team
United States,Fencing,Women's ï¿½ï¿½pï¿
United States,Fencing,Women's Foil Team
United States,Fencing,Women's Sabre Team
Argentina,Football,Men
Australia,Football,Men
Australia,Football,Women
Brazil,Football,Men
Brazil,Football,Women
Canada,Football,Women
Chile,Football,Women
China,Football,Women
Cï¿½ï¿½te dï¿,Football,Men
Egypt,Football,Men
France,Football,Men
Germany,Football,Men
Great Britain,Football,Women
Honduras,Football,Men
Japan,Football,Men
Japan,Football,Women
Mexico,Football,Men
Netherlands,Football,Women
New Zealand,Football,Men
New Zealand,Football,Women
Republic of Korea,Football,Men
Romania,Football,Men
Saudi Arabia,Football,Men
South Africa,Football,Men
Spain,Football,Men
Sweden,Football,Women
United States,Football,Women
Zambia,Football,Women
Angola,Handball,Women
Argentina,Handball,Men
Bahrain,Handball,Men
Brazil,Handball,Men
Brazil,Handball,Women
Denmark,Handball,Men
Egypt,Handball,Men
France,Handball,Men
France,Handball,Women
Germany,Handball,Men
Hungary,Handball,Women
Japan,Handball,Men
Japan,Handball,Women
Montenegro,Handball,Women
Netherlands,Handball,Women
Norway,Handball,Men
Norway,Handball,Women
Portugal,Handball,Men
Republic of Korea,Handball,Women
ROC,Handball,Women
Spain,Handball,Men
Spain,Handball,Women
Sweden,Handball,Men
Sweden,Handball,Women
Argentina,Hockey,Men
Argentina,Hockey,Women
Australia,Hockey,Men
Australia,Hockey,Women
Belgium,Hockey,Men
Canada,Hockey,Men
China,Hockey,Women
Germany,Hockey,Men
Germany,Hockey,Women
Great Britain,Hockey,Men
Great Britain,Hockey,Women
India,Hockey,Men
India,Hockey,Women
Ireland,Hockey,Women
Japan,Hockey,Men
Japan,Hockey,Women
Netherlands,Hockey,Men
Netherlands,Hockey,Women
New Zealand,Hockey,Men
New Zealand,Hockey,Women
South Africa,Hockey,Men
South Africa,Hockey,Women
Spain,Hockey,Men
Spain,Hockey,Women
Australia,Rhythmic Gymnastics,Group All-Around
Azerbaijan,Rhythmic Gymnastics,Group All-Around
Belarus,Rhythmic Gymnastics,Group All-Around
Brazil,Rhythmic Gymnastics,Group All-Around
Bulgaria,Rhythmic Gymnastics,Group All-Around
China,Rhythmic Gymnastics,Group All-Around
Egypt,Rhythmic Gymnastics,Group All-Around
Israel,Rhythmic Gymnastics,Group All-Around
Italy,Rhythmic Gymnastics,Group All-Around
Japan,Rhythmic Gymnastics,Group All-Around
ROC,Rhythmic Gymnastics,Group All-Around
Ukraine,Rhythmic Gymnastics,Group All-Around
United States,Rhythmic Gymnastics,Group All-Around
Uzbekistan,Rhythmic Gymnastics,Group All-Around
Argentina,Rugby Sevens,Men
Australia,Rugby Sevens,Men
Australia,Rugby Sevens,Women
Brazil,Rugby Sevens,Women
Canada,Rugby Sevens,Men
Canada,Rugby Sevens,Women
China,Rugby Sevens,Women
Fiji,Rugby Sevens,Men
Fiji,Rugby Sevens,Women
France,Rugby Sevens,Women
Great Britain,Rugby Sevens,Men
Great Britain,Rugby Sevens,Women
Ireland,Rugby Sevens,Men
Japan,Rugby Sevens,Men
Japan,Rugby Sevens,Women
Kenya,Rugby Sevens,Men
Kenya,Rugby Sevens,Women
New Zealand,Rugby Sevens,Men
New Zealand,Rugby Sevens,Women
Republic of Korea,Rugby Sevens,Men
ROC,Rugby Sevens,Women
South Africa,Rugby Sevens,Men
United States,Rugby Sevens,Men
United States,Rugby Sevens,Women
Australia,Swimming,Men's 4 x 100m Freestyle Relay
Australia,Swimming,Men's 4 x 100m Medley Relay
Australia,Swimming,Men's 4 x 200m Freestyle Relay
Australia,Swimming,Mixed 4 x 100m Medley Relay
Australia,Swimming,Women's 4 x 100m Freestyle Relay
Australia,Swimming,Women's 4 x 100m Medley Relay
Australia,Swimming,Women's 4 x 200m Freestyle Relay
Belarus,Swimming,Men's 4 x 100m Medley Relay
Belarus,Swimming,Mixed 4 x 100m Medley Relay
Belarus,Swimming,Women's 4 x 100m Medley Relay
Brazil,Swimming,Men's 4 x 100m Freestyle Relay
Brazil,Swimming,Men's 4 x 100m Medley Relay
Brazil,Swimming,Men's 4 x 200m Freestyle Relay
Brazil,Swimming,Mixed 4 x 100m Medley Relay
Brazil,Swimming,Women's 4 x 100m Freestyle Relay
Brazil,Swimming,Women's 4 x 200m Freestyle Relay
Canada,Swimming,Men's 4 x 100m Freestyle Relay
Canada,Swimming,Men's 4 x 100m Medley Relay
Canada,Swimming,Mixed 4 x 100m Medley Relay
Canada,Swimming,Women's 4 x 100m Freestyle Relay
Canada,Swimming,Women's 4 x 100m Medley Relay
Canada,Swimming,Women's 4 x 200m Freestyle Relay
China,Swimming,Men's 4 x 100m Medley Relay
China,Swimming,Men's 4 x 200m Freestyle Relay
China,Swimming,Mixed 4 x 100m Medley Relay
China,Swimming,Women's 4 x 100m Freestyle Relay
China,Swimming,Women's 4 x 100m Medley Relay
China,Swimming,Women's 4 x 200m Freestyle Relay
Czech Republic,Swimming,Women's 4 x 100m Freestyle Relay
Denmark,Swimming,Women's 4 x 100m Freestyle Relay
Denmark,Swimming,Women's 4 x 100m Medley Relay
France,Swimming,Men's 4 x 100m Freestyle Relay
France,Swimming,Men's 4 x 100m Medley Relay
France,Swimming,Men's 4 x 200m Freestyle Relay
France,Swimming,Women's 4 x 100m Freestyle Relay
France,Swimming,Women's 4 x 200m Freestyle Relay
Germany,Swimming,Men's 4 x 100m Freestyle Relay
Germany,Swimming,Men's 4 x 100m Medley Relay
Germany,Swimming,Men's 4 x 200m Freestyle Relay
Germany,Swimming,Mixed 4 x 100m Medley Relay
Germany,Swimming,Women's 4 x 100m Freestyle Relay
Germany,Swimming,Women's 4 x 100m Medley Relay
Germany,Swimming,Women's 4 x 200m Freestyle Relay
Great Britain,Swimming,Men's 4 x 100m Freestyle Relay
Great Britain,Swimming,Men's 4 x 100m Medley Relay
Great Britain,Swimming,Men's 4 x 200m Freestyle Relay
Great Britain,Swimming,Mixed 4 x 100m Medley Relay
Great Britain,Swimming,Women's 4 x 100m Freestyle Relay
Great Britain,Swimming,Women's 4 x 100m Medley Relay
Greece,Swimming,Men's 4 x 100m Freestyle Relay
Greece,Swimming,Men's 4 x 100m Medley Relay
Greece,Swimming,Mixed 4 x 100m Medley Relay
"Hong Kong, China",Swimming,Women's 4 x 100m Freestyle Relay
"Hong Kong, China",Swimming,Women's 4 x 100m Medley Relay
"Hong Kong, China",Swimming,Women's 4 x 200m Freestyle Relay
Hungary,Swimming,Men's 4 x 100m Freestyle Relay
Hungary,Swimming,Men's 4 x 100m Medley Relay
Hungary,Swimming,Men's 4 x 200m Freestyle Relay
Hungary,Swimming,Mixed 4 x 100m Medley Relay
Hungary,Swimming,Women's 4 x 200m Freestyle Relay
Ireland,Swimming,Men's 4 x 200m Freestyle Relay
Israel,Swimming,Men's 4 x 200m Freestyle Relay
Israel,Swimming,Mixed 4 x 100m Medley Relay
Italy,Swimming,Men's 4 x 100m Freestyle Relay
Italy,Swimming,Men's 4 x 100m Medley Relay
Italy,Swimming,Men's 4 x 200m Freestyle Relay
Italy,Swimming,Mixed 4 x 100m Medley Relay
Italy,Swimming,Women's 4 x 100m Medley Relay
Italy,Swimming,Women's 4 x 200m Freestyle Relay
Japan,Swimming,Men's 4 x 100m Freestyle Relay
Japan,Swimming,Men's 4 x 100m Medley Relay
Japan,Swimming,Men's 4 x 200m Freestyle Relay
Japan,Swimming,Mixed 4 x 100m Medley Relay
Japan,Swimming,Women's 4 x 100m Freestyle Relay
Japan,Swimming,Women's 4 x 100m Medley Relay
Japan,Swimming,Women's 4 x 200m Freestyle Relay
Lithuania,Swimming,Men's 4 x 100m Medley Relay
Netherlands,Swimming,Men's 4 x 100m Freestyle Relay
Netherlands,Swimming,Mixed 4 x 100m Medley Relay
Netherlands,Swimming,Women's 4 x 100m Freestyle Relay
Netherlands,Swimming,Women's 4 x 100m Medley Relay
New Zealand,Swimming,Women's 4 x 200m Freestyle Relay
Poland,Swimming,Men's 4 x 100m Freestyle Relay
Poland,Swimming,Men's 4 x 100m Medley Relay
Poland,Swimming,Men's 4 x 200m Freestyle Relay
Poland,Swimming,Mixed 4 x 100m Medley Relay
Poland,Swimming,Women's 4 x 100m Freestyle Relay
Poland,Swimming,Women's 4 x 200m Freestyle Relay
Republic of Korea,Swimming,Men's 4 x 200m Freestyle Relay
Republic of Korea,Swimming,Women's 4 x 200m Freestyle Relay
ROC,Swimming,Men's 4 x 100m Freestyle Relay
ROC,Swimming,Men's 4 x 100m Medley Relay
ROC,Swimming,Men's 4 x 200m Freestyle Relay
ROC,Swimming,Mixed 4 x 100m Medley Relay
ROC,Swimming,Women's 4 x 100m Freestyle Relay
ROC,Swimming,Women's 4 x 100m Medley Relay
ROC,Swimming,Women's 4 x 200m Freestyle Relay
Serbia,Swimming,Men's 4 x 100m Freestyle Relay
South Africa,Swimming,Women's 4 x 100m Medley Relay
South Africa,Swimming,Women's 4 x 200m Freestyle Relay
Spain,Swimming,Women's 4 x 100m Medley Relay
Sweden,Swimming,Women's 4 x 100m Freestyle Relay
Sweden,Swimming,Women's 4 x 100m Medley Relay
Switzerland,Swimming,Men's 4 x 100m Freestyle Relay
Switzerland,Swimming,Men's 4 x 200m Freestyle Relay
Turkey,Swimming,Women's 4 x 200m Freestyle Relay
United States,Swimming,Men's 4 x 100m Freestyle Relay
United States,Swimming,Men's 4 x 100m Medley Relay
United States,Swimming,Men's 4 x 200m Freestyle Relay
United States,Swimming,Mixed 4 x 100m Medley Relay
United States,Swimming,Women's 4 x 100m Freestyle Relay
United States,Swimming,Women's 4 x 100m Medley Relay
United States,Swimming,Women's 4 x 200m Freestyle Relay
Australia,Table Tennis,Men's Team
HU Heming / TAPPER Melissa,Table Tennis,Mixed Doubles
Australia,Table Tennis,Women's Team
FEGERL Stefan / POLCANOVA Sofia,Table Tennis,Mixed Doubles
Austria,Table Tennis,Women's Team
Brazil,Table Tennis,Men's Team
Brazil,Table Tennis,Women's Team
WANG Zhen / ZHANG Mo,Table Tennis,Mixed Doubles
China,Table Tennis,Men's Team
XU Xin / LIU Shiwen,Table Tennis,Mixed Doubles
China,Table Tennis,Women's Team
Chinese Taipei,Table Tennis,Men's Team
LIN Yun Ju / CHENG I Ching,Table Tennis,Mixed Doubles
Chinese Taipei,Table Tennis,Women's Team
Croatia,Table Tennis,Men's Team
CAMPOS Jorge / FONSECA Daniela,Table Tennis,Mixed Doubles
Egypt,Table Tennis,Men's Team
ASSAR Omar / MESHREF Dina,Table Tennis,Mixed Doubles
Egypt,Table Tennis,Women's Team
France,Table Tennis,Men's Team
LEBESSON Emmanuel / YUAN Jia Nan,Table Tennis,Mixed Doubles
France,Table Tennis,Women's Team
Germany,Table Tennis,Men's Team
FRANZISKA Patrick / SOLJA Petrissa,Table Tennis,Mixed Doubles
Germany,Table Tennis,Women's Team
"Hong Kong, China",Table Tennis,Men's Team
WONG Chun Ting / DOO Hoi Kem,Table Tennis,Mixed Doubles
"Hong Kong, China",Table Tennis,Women's Team
SZUDI Adam / PERGEL Szandra,Table Tennis,Mixed Doubles
Hungary,Table Tennis,Women's Team
ACHANTA Kamal / BATRA Manika,Table Tennis,Mixed Doubles
Japan,Table Tennis,Men's Team
MIZUTANI Jun / ITO Mima,Table Tennis,Mixed Doubles
Japan,Table Tennis,Women's Team
Poland,Table Tennis,Women's Team
Portugal,Table Tennis,Men's Team
Republic of Korea,Table Tennis,Men's Team
LEE Sangsu / JEON Jihee,Table Tennis,Mixed Doubles
Republic of Korea,Table Tennis,Women's Team
IONESCU Ovidiu / SZOCS Bernadette,Table Tennis,Mixed Doubles
Romania,Table Tennis,Women's Team
Serbia,Table Tennis,Men's Team
Singapore,Table Tennis,Women's Team
PISTEJ Lubomir / BALAZOVA Barbora,Table Tennis,Mixed Doubles
Slovenia,Table Tennis,Men's Team
Sweden,Table Tennis,Men's Team
United States,Table Tennis,Men's Team
United States,Table Tennis,Women's Team
Australia,Triathlon,Mixed Relay
Austria,Triathlon,Mixed Relay
Belgium,Triathlon,Mixed Relay
Canada,Triathlon,Mixed Relay
France,Triathlon,Mixed Relay
Germany,Triathlon,Mixed Relay
Great Britain,Triathlon,Mixed Relay
Hungary,Triathlon,Mixed Relay
Italy,Triathlon,Mixed Relay
Japan,Triathlon,Mixed Relay
Mexico,Triathlon,Mixed Relay
Netherlands,Triathlon,Mixed Relay
New Zealand,Triathlon,Mixed Relay
ROC,Triathlon,Mixed Relay
South Africa,Triathlon,Mixed Relay
Spain,Triathlon,Mixed Relay
Switzerland,Triathlon,Mixed Relay
United States,Triathlon,Mixed Relay
Argentina,Volleyball,Men
Argentina,Volleyball,Women
Brazil,Volleyball,Men
Brazil,Volleyball,Women
Canada,Volleyball,Men
China,Volleyball,Women
Dominican Rep.,Volleyball,Women
France,Volleyball,Men
Islamic Rep. of Iran,Volleyball,Men
Italy,Volleyball,Men
Italy,Volleyball,Women
Japan,Volleyball,Men
Japan,Volleyball,Women
Kenya,Volleyball,Women
Poland,Volleyball,Men
Republic of Korea,Volleyball,Women
ROC,Volleyball,Men
ROC,Volleyball,Women
Serbia,Volleyball,Women
Tunisia,Volleyball,Men
Turkey,Volleyball,Women
United States,Volleyball,Men
United States,Volleyball,Women
Venezuela,Volleyball,Men
Australia,Water Polo,Men
Australia,Water Polo,Women
Canada,Water Polo,Women
China,Water Polo,Women
Croatia,Water Polo,Men
Greece,Water Polo,Men
Hungary,Water Polo,Men
Hungary,Water Polo,Women
Italy,Water Polo,Men
Japan,Water Polo,Men
Japan,Water Polo,Women
Kazakhstan,Water Polo,Men
Montenegro,Water Polo,Men
Netherlands,Water Polo,Women
ROC,Water Polo,Women
Serbia,Water Polo,Men
South Africa,Water Polo,Men
South Africa,Water Polo,Women
Spain,Water Polo,Men
Spain,Water Polo,Women
United States,Water Polo,Men
United States,Water Polo,Women
